;date;description;link;name;raw_description;type;type_code
0;01/01/2012;O Ano-Novo ou Réveillon é um evento que acontece quando uma cultura celebra o fim de um ano e o começo do próximo. A celebração do evento é também chamada Réveillon, termo oriundo do verbo francês réveiller, que em português significa DESPERTAR;http://www.calendario.com.br/feriados-nacionais/ano-novo.php;Ano Novo;;Feriado Nacional;1
1;20/02/2012;Ponto Facultativo, ou seja, cabe às empresas e orgão públicos decidirem se trabalharão ou não.;http://www.calendario.com.br/feriados-nacionais/carnaval.php;Carnaval;;Facultativo;4
2;21/02/2012;Carnaval NÃO é um feriado oficial, é Ponto Facultativo, ou seja, cabe às empresas e orgão públicos decidirem se trabalharão ou não.;http://www.calendario.com.br/feriados-nacionais/carnaval.php;Carnaval;;Facultativo;4
3;22/02/2012;Ponto Facultativo até às 14h.;http://www.calendario.com.br/feriados-nacionais/carnaval.php;Carnaval;;Facultativo;4
4;06/03/2012;Data Magna de Pernambuco (Lei nº 16.059, de 8 de junho de 2017). A chamada Revolução Pernambucana, também conhecida como Revolução dos Padres, eclodiu em 6 de março de 1817 na então Província de Pernambuco, no Brasil.;http://www.calendario.com.br/docs/pe/data_magna_pernambuco.html;Revolução Pernambucana;Data Magna de Pernambuco (Lei nº 16.059, de 8 de junho de 2017). A chamada Revolução Pernambucana, também conhecida como Revolução dos Padres, eclodiu em 6 de março de 1817 na então Província de Pernambuco, no Brasil.;Feriado Estadual;2
5;01/04/2012;Dia da mentira, dia das petas, dia dos tolos ou dia dos bobos.;;Dia da Mentira;;Dia Convencional;9
6;06/04/2012;"Também chamada de ""Sexta Feira da Paixão"" é a sexta-feira que ocorre antes do domingo de Páscoa, e é o dia que os cristãos lembram da crucificação de Cristo.";http://www.calendario.com.br/feriados-nacionais/sexta-feira-santa.php;Sexta-Feira Santa;;Feriado Nacional;1
7;06/04/2012;conforme a Lei nº 9.777 de junho de 1967;http://leismunicipa.is/ochsi;Sexta-feira Santa;conforme a Lei nº 9.777 de junho de 1967;Feriado Municipal;3
8;08/04/2012;A Páscoa é um evento religioso cristão, normalmente considerado pelas igrejas ligadas a esta corrente religiosa como a maior e a mais importante festa da Cristandade. Na Páscoa os cristãos celebram a Ressurreição de Jesus Cristo depois da sua morte.;;Páscoa;;Dia Convencional;9
9;21/04/2012;Joaquim José da Silva Xavier, o Tiradentes foi um dentista, tropeiro, minerador, comerciante, militar e ativista político. É reconhecido como mártir da Inconfidência Mineira e herói nacional. O dia de sua execução, 21 de abril, é feriado nacional.;http://www.calendario.com.br/feriados-nacionais/dia-de-tiradentes.php;Dia de Tiradentes;;Feriado Nacional;1
10;01/05/2012;O Dia do Trabalhador ou Dia Internacional dos Trabalhadores é celebrado anualmente no dia 1º de Maio em numerosos países do mundo, sendo feriado no Brasil, em Portugal e em outros países.;http://www.calendario.com.br/feriados-nacionais/dia-do-trabalho.php;Dia do Trabalho;;Feriado Nacional;1
11;13/05/2012;O Dia das Mães teve a sua origem no princípio do século XX, quando uma jovem norte-americana, Anna Jarvis, perdeu sua mãe e entrou em completa depressão. Preocupadas com aquele sofrimento, algumas amigas tiveram a ideia de criar uma data para comemorar o dia das mães.;;Dia das Mães;;Dia Convencional;9
12;07/06/2012;Ponto Facultativo no País, mas Feriado Municipal em algumas cidades.. Corpus Christi, expressão latina que significa Corpo de Cristo, é uma festa Cristã realizada na quinta-feira seguinte ao domingo da Santíssima Trindade.;http://www.calendario.com.br/feriados-nacionais/corpus-christi.php;Corpus Christi;;Facultativo;4
13;12/06/2012;O Dia dos Namorados ou Dia de São Valentim é uma data comemorativa na qual se celebra a união amorosa entre casais sendo comum a troca de cartões e presentes.;;Dia dos Namorados;;Dia Convencional;9
14;24/06/2012;O mastro de São João, conhecido em Portugal também como o mastro dos Santos Populares, é erguido durante a festa junina para celebrar os três santos ligados a essa festa.;;Dia de São João;O mastro de São João, conhecido em Portugal também como o mastro dos Santos Populares, é erguido durante a festa junina para celebrar os três santos ligados a essa festa.;Feriado Estadual;2
15;16/07/2012;conforme a Lei nº 9.777 de junho de 1967;http://leismunicipa.is/ochsi;Dia de Nossa Senhora do Carmo (Padroeira do Recife);conforme a Lei nº 9.777 de junho de 1967;Feriado Municipal;3
16;12/08/2012;Em 1909, nos Estados Unidos, Sonora Luise resolveu criar um dia dedicado aos pais, motivada pela admiração que sentia pelo seu pai, William Jackson Smart. O interesse pela data difundiu-se da cidade de Spokane para todo o Estado de Washington e para o Mundo.;;Dia dos Pais;;Dia Convencional;9
17;07/09/2012;"O Dia da Indepência do Brasil, oficialmente a data comemorada é a de 7 de setembro de 1822, em que ocorreu o chamado ""Grito do Ipiranga"".";http://www.calendario.com.br/feriados-nacionais/independencia-do-brasil.php;Independência do Brasil;;Feriado Nacional;1
18;12/10/2012;Nossa Senhora da Conceição Aparecida é a padroeira do Brasil. Sua festa é celebrada em 12 de outubro, um feriado nacional desde que o Papa João Paulo II consagrou a Basílica em 1980.;http://www.calendario.com.br/feriados-nacionais/nossa-senhora-aparecida.php;Nossa Senhora Aparecida;;Feriado Nacional;1
19;15/10/2012;"FERIADO ESCOLAR - No dia 15 de outubro de 1827 (dia consagrado à educadora Santa Teresa de Ávila), o Imperador do Brasil, Pedro I,  baixou um Decreto Imperial que criou o Ensino Elementar no Brasil. Pelo decreto, ""todas as cidades, vilas e lugarejos teriam suas escolas de primeiras letras""";http://www.calendario.com.br/docs/dia-do-professor.html;Dia do Professor;;Facultativo;4
20;17/10/2012;Comemoração do dia do comércio. Em algumas cidades do Brasil o comércio poderá fechar, dependendo de acordos entre os sindicatos e patrões.;;Dia do Comércio;;Dia Convencional;9
21;28/10/2012;O dia do servidor público é feriado apenas para funcionários públicos.;;Dia do Servidor Público;;Facultativo;4
22;02/11/2012;O Dia de Finados ou Dia dos Fiéis Defuntos, (conhecido ainda como Dia dos Mortos no México), é celebrado pela Igreja Católica no dia 2 de novembro e é Feriado Nacional.;http://www.calendario.com.br/feriados-nacionais/dia-de-finados.php;Dia de Finados;;Feriado Nacional;1
23;15/11/2012;A Proclamação da República foi um levante político-militar ocorrido em 15 de novembro de 1889 que instaurou a forma Republicana Federativa Presidencialista de governo no Brasil, derrubando a Monarquia e, por conseguinte, o imperador dom Pedro II.;http://www.calendario.com.br/feriados-nacionais/proclamacao-da-republica.php;Proclamação da República;;Feriado Nacional;1
24;20/11/2012;Apesar de ser comemorado em todo o território nacional, conforme indica a Lei Federal nº 12.519, de 10 de novembro de 2011, o Dia Nacional de Zumbi e da Consciência Negra não é feriado. No entanto, alguns municípios decretam feriado municipal neste dia.;http://www.calendario.com.br/feriados-nacionais/consciencia-negra.php;Consciência Negra;;Dia Convencional;9
25;08/12/2012;conforme a Lei nº 9.777 de junho de 1967;http://www.calendario.com.br/docs/pe/recife/l9777.html;Dia de Nossa Senhora da Conceição;conforme a Lei nº 9.777 de junho de 1967;Feriado Municipal;3
26;25/12/2012;O Natal é comemorado anualmente em 25 de Dezembro. Originalmente destinado a celebrar o nascimento anual do Deus Sol no solstício de inverno, foi adaptado pela Igreja Católica no 3o século d.C., para permitir a conversão dos povos pagãos sob o domínio do Império Romano, passando a comemorar o nascimento de Jesus de Nazaré.;http://www.calendario.com.br/feriados-nacionais/natal.php;Natal;;Feriado Nacional;1
27;01/01/2013;O Ano-Novo ou Réveillon é um evento que acontece quando uma cultura celebra o fim de um ano e o começo do próximo. A celebração do evento é também chamada Réveillon, termo oriundo do verbo francês réveiller, que em português significa DESPERTAR;http://www.calendario.com.br/feriados-nacionais/ano-novo.php;Ano Novo;;Feriado Nacional;1
28;11/02/2013;Ponto Facultativo, ou seja, cabe às empresas e orgão públicos decidirem se trabalharão ou não.;http://www.calendario.com.br/feriados-nacionais/carnaval.php;Carnaval;;Facultativo;4
29;12/02/2013;Carnaval NÃO é um feriado oficial, é Ponto Facultativo, ou seja, cabe às empresas e orgão públicos decidirem se trabalharão ou não.;http://www.calendario.com.br/feriados-nacionais/carnaval.php;Carnaval;;Facultativo;4
30;13/02/2013;Ponto Facultativo até às 14h.;http://www.calendario.com.br/feriados-nacionais/carnaval.php;Carnaval;;Facultativo;4
31;06/03/2013;Data Magna de Pernambuco (Lei nº 16.059, de 8 de junho de 2017). A chamada Revolução Pernambucana, também conhecida como Revolução dos Padres, eclodiu em 6 de março de 1817 na então Província de Pernambuco, no Brasil.;http://www.calendario.com.br/docs/pe/data_magna_pernambuco.html;Revolução Pernambucana;Data Magna de Pernambuco (Lei nº 16.059, de 8 de junho de 2017). A chamada Revolução Pernambucana, também conhecida como Revolução dos Padres, eclodiu em 6 de março de 1817 na então Província de Pernambuco, no Brasil.;Feriado Estadual;2
32;29/03/2013;"Também chamada de ""Sexta Feira da Paixão"" é a sexta-feira que ocorre antes do domingo de Páscoa, e é o dia que os cristãos lembram da crucificação de Cristo.";http://www.calendario.com.br/feriados-nacionais/sexta-feira-santa.php;Sexta-Feira Santa;;Feriado Nacional;1
33;29/03/2013;conforme a Lei nº 9.777 de junho de 1967;http://leismunicipa.is/ochsi;Sexta-feira Santa;conforme a Lei nº 9.777 de junho de 1967;Feriado Municipal;3
34;31/03/2013;A Páscoa é um evento religioso cristão, normalmente considerado pelas igrejas ligadas a esta corrente religiosa como a maior e a mais importante festa da Cristandade. Na Páscoa os cristãos celebram a Ressurreição de Jesus Cristo depois da sua morte.;;Páscoa;;Dia Convencional;9
35;01/04/2013;Dia da mentira, dia das petas, dia dos tolos ou dia dos bobos.;;Dia da Mentira;;Dia Convencional;9
36;21/04/2013;Joaquim José da Silva Xavier, o Tiradentes foi um dentista, tropeiro, minerador, comerciante, militar e ativista político. É reconhecido como mártir da Inconfidência Mineira e herói nacional. O dia de sua execução, 21 de abril, é feriado nacional.;http://www.calendario.com.br/feriados-nacionais/dia-de-tiradentes.php;Dia de Tiradentes;;Feriado Nacional;1
37;01/05/2013;O Dia do Trabalhador ou Dia Internacional dos Trabalhadores é celebrado anualmente no dia 1º de Maio em numerosos países do mundo, sendo feriado no Brasil, em Portugal e em outros países.;http://www.calendario.com.br/feriados-nacionais/dia-do-trabalho.php;Dia do Trabalho;;Feriado Nacional;1
38;12/05/2013;O Dia das Mães teve a sua origem no princípio do século XX, quando uma jovem norte-americana, Anna Jarvis, perdeu sua mãe e entrou em completa depressão. Preocupadas com aquele sofrimento, algumas amigas tiveram a ideia de criar uma data para comemorar o dia das mães.;;Dia das Mães;;Dia Convencional;9
39;30/05/2013;Ponto Facultativo no País, mas Feriado Municipal em algumas cidades.. Corpus Christi, expressão latina que significa Corpo de Cristo, é uma festa Cristã realizada na quinta-feira seguinte ao domingo da Santíssima Trindade.;http://www.calendario.com.br/feriados-nacionais/corpus-christi.php;Corpus Christi;;Facultativo;4
40;12/06/2013;O Dia dos Namorados ou Dia de São Valentim é uma data comemorativa na qual se celebra a união amorosa entre casais sendo comum a troca de cartões e presentes.;;Dia dos Namorados;;Dia Convencional;9
41;24/06/2013;O mastro de São João, conhecido em Portugal também como o mastro dos Santos Populares, é erguido durante a festa junina para celebrar os três santos ligados a essa festa.;;Dia de São João;O mastro de São João, conhecido em Portugal também como o mastro dos Santos Populares, é erguido durante a festa junina para celebrar os três santos ligados a essa festa.;Feriado Estadual;2
42;16/07/2013;conforme a Lei nº 9.777 de junho de 1967;http://leismunicipa.is/ochsi;Dia de Nossa Senhora do Carmo (Padroeira do Recife);conforme a Lei nº 9.777 de junho de 1967;Feriado Municipal;3
43;11/08/2013;Em 1909, nos Estados Unidos, Sonora Luise resolveu criar um dia dedicado aos pais, motivada pela admiração que sentia pelo seu pai, William Jackson Smart. O interesse pela data difundiu-se da cidade de Spokane para todo o Estado de Washington e para o Mundo.;;Dia dos Pais;;Dia Convencional;9
44;07/09/2013;"O Dia da Indepência do Brasil, oficialmente a data comemorada é a de 7 de setembro de 1822, em que ocorreu o chamado ""Grito do Ipiranga"".";http://www.calendario.com.br/feriados-nacionais/independencia-do-brasil.php;Independência do Brasil;;Feriado Nacional;1
45;12/10/2013;Nossa Senhora da Conceição Aparecida é a padroeira do Brasil. Sua festa é celebrada em 12 de outubro, um feriado nacional desde que o Papa João Paulo II consagrou a Basílica em 1980.;http://www.calendario.com.br/feriados-nacionais/nossa-senhora-aparecida.php;Nossa Senhora Aparecida;;Feriado Nacional;1
46;15/10/2013;"FERIADO ESCOLAR - No dia 15 de outubro de 1827 (dia consagrado à educadora Santa Teresa de Ávila), o Imperador do Brasil, Pedro I,  baixou um Decreto Imperial que criou o Ensino Elementar no Brasil. Pelo decreto, ""todas as cidades, vilas e lugarejos teriam suas escolas de primeiras letras""";http://www.calendario.com.br/docs/dia-do-professor.html;Dia do Professor;;Facultativo;4
47;17/10/2013;Comemoração do dia do comércio. Em algumas cidades do Brasil o comércio poderá fechar, dependendo de acordos entre os sindicatos e patrões.;;Dia do Comércio;;Dia Convencional;9
48;28/10/2013;O dia do servidor público é feriado apenas para funcionários públicos.;;Dia do Servidor Público;;Facultativo;4
49;02/11/2013;O Dia de Finados ou Dia dos Fiéis Defuntos, (conhecido ainda como Dia dos Mortos no México), é celebrado pela Igreja Católica no dia 2 de novembro e é Feriado Nacional.;http://www.calendario.com.br/feriados-nacionais/dia-de-finados.php;Dia de Finados;;Feriado Nacional;1
50;15/11/2013;A Proclamação da República foi um levante político-militar ocorrido em 15 de novembro de 1889 que instaurou a forma Republicana Federativa Presidencialista de governo no Brasil, derrubando a Monarquia e, por conseguinte, o imperador dom Pedro II.;http://www.calendario.com.br/feriados-nacionais/proclamacao-da-republica.php;Proclamação da República;;Feriado Nacional;1
51;20/11/2013;Apesar de ser comemorado em todo o território nacional, conforme indica a Lei Federal nº 12.519, de 10 de novembro de 2011, o Dia Nacional de Zumbi e da Consciência Negra não é feriado. No entanto, alguns municípios decretam feriado municipal neste dia.;http://www.calendario.com.br/feriados-nacionais/consciencia-negra.php;Consciência Negra;;Dia Convencional;9
52;08/12/2013;conforme a Lei nº 9.777 de junho de 1967;http://www.calendario.com.br/docs/pe/recife/l9777.html;Dia de Nossa Senhora da Conceição;conforme a Lei nº 9.777 de junho de 1967;Feriado Municipal;3
53;25/12/2013;O Natal é comemorado anualmente em 25 de Dezembro. Originalmente destinado a celebrar o nascimento anual do Deus Sol no solstício de inverno, foi adaptado pela Igreja Católica no 3o século d.C., para permitir a conversão dos povos pagãos sob o domínio do Império Romano, passando a comemorar o nascimento de Jesus de Nazaré.;http://www.calendario.com.br/feriados-nacionais/natal.php;Natal;;Feriado Nacional;1
54;01/01/2014;O Ano-Novo ou Réveillon é um evento que acontece quando uma cultura celebra o fim de um ano e o começo do próximo. A celebração do evento é também chamada Réveillon, termo oriundo do verbo francês réveiller, que em português significa DESPERTAR;http://www.calendario.com.br/feriados-nacionais/ano-novo.php;Ano Novo;;Feriado Nacional;1
55;03/03/2014;Ponto Facultativo, ou seja, cabe às empresas e orgão públicos decidirem se trabalharão ou não.;http://www.calendario.com.br/feriados-nacionais/carnaval.php;Carnaval;;Facultativo;4
56;04/03/2014;Carnaval NÃO é um feriado oficial, é Ponto Facultativo, ou seja, cabe às empresas e orgão públicos decidirem se trabalharão ou não.;http://www.calendario.com.br/feriados-nacionais/carnaval.php;Carnaval;;Facultativo;4
57;05/03/2014;Ponto Facultativo até às 14h.;http://www.calendario.com.br/feriados-nacionais/carnaval.php;Carnaval;;Facultativo;4
58;06/03/2014;Data Magna de Pernambuco (Lei nº 16.059, de 8 de junho de 2017). A chamada Revolução Pernambucana, também conhecida como Revolução dos Padres, eclodiu em 6 de março de 1817 na então Província de Pernambuco, no Brasil.;http://www.calendario.com.br/docs/pe/data_magna_pernambuco.html;Revolução Pernambucana;Data Magna de Pernambuco (Lei nº 16.059, de 8 de junho de 2017). A chamada Revolução Pernambucana, também conhecida como Revolução dos Padres, eclodiu em 6 de março de 1817 na então Província de Pernambuco, no Brasil.;Feriado Estadual;2
59;01/04/2014;Dia da mentira, dia das petas, dia dos tolos ou dia dos bobos.;;Dia da Mentira;;Dia Convencional;9
60;18/04/2014;"Também chamada de ""Sexta Feira da Paixão"" é a sexta-feira que ocorre antes do domingo de Páscoa, e é o dia que os cristãos lembram da crucificação de Cristo.";http://www.calendario.com.br/feriados-nacionais/sexta-feira-santa.php;Sexta-Feira Santa;;Feriado Nacional;1
61;18/04/2014;conforme a Lei nº 9.777 de junho de 1967;http://leismunicipa.is/ochsi;Sexta-feira Santa;conforme a Lei nº 9.777 de junho de 1967;Feriado Municipal;3
62;20/04/2014;A Páscoa é um evento religioso cristão, normalmente considerado pelas igrejas ligadas a esta corrente religiosa como a maior e a mais importante festa da Cristandade. Na Páscoa os cristãos celebram a Ressurreição de Jesus Cristo depois da sua morte.;;Páscoa;;Dia Convencional;9
63;21/04/2014;Joaquim José da Silva Xavier, o Tiradentes foi um dentista, tropeiro, minerador, comerciante, militar e ativista político. É reconhecido como mártir da Inconfidência Mineira e herói nacional. O dia de sua execução, 21 de abril, é feriado nacional.;http://www.calendario.com.br/feriados-nacionais/dia-de-tiradentes.php;Dia de Tiradentes;;Feriado Nacional;1
64;01/05/2014;O Dia do Trabalhador ou Dia Internacional dos Trabalhadores é celebrado anualmente no dia 1º de Maio em numerosos países do mundo, sendo feriado no Brasil, em Portugal e em outros países.;http://www.calendario.com.br/feriados-nacionais/dia-do-trabalho.php;Dia do Trabalho;;Feriado Nacional;1
65;11/05/2014;O Dia das Mães teve a sua origem no princípio do século XX, quando uma jovem norte-americana, Anna Jarvis, perdeu sua mãe e entrou em completa depressão. Preocupadas com aquele sofrimento, algumas amigas tiveram a ideia de criar uma data para comemorar o dia das mães.;;Dia das Mães;;Dia Convencional;9
66;12/06/2014;O Dia dos Namorados ou Dia de São Valentim é uma data comemorativa na qual se celebra a união amorosa entre casais sendo comum a troca de cartões e presentes.;;Dia dos Namorados;;Dia Convencional;9
67;19/06/2014;Ponto Facultativo no País, mas Feriado Municipal em algumas cidades.. Corpus Christi, expressão latina que significa Corpo de Cristo, é uma festa Cristã realizada na quinta-feira seguinte ao domingo da Santíssima Trindade.;http://www.calendario.com.br/feriados-nacionais/corpus-christi.php;Corpus Christi;;Facultativo;4
68;24/06/2014;O mastro de São João, conhecido em Portugal também como o mastro dos Santos Populares, é erguido durante a festa junina para celebrar os três santos ligados a essa festa.;;Dia de São João;O mastro de São João, conhecido em Portugal também como o mastro dos Santos Populares, é erguido durante a festa junina para celebrar os três santos ligados a essa festa.;Feriado Estadual;2
69;16/07/2014;conforme a Lei nº 9.777 de junho de 1967;http://leismunicipa.is/ochsi;Dia de Nossa Senhora do Carmo (Padroeira do Recife);conforme a Lei nº 9.777 de junho de 1967;Feriado Municipal;3
70;10/08/2014;Em 1909, nos Estados Unidos, Sonora Luise resolveu criar um dia dedicado aos pais, motivada pela admiração que sentia pelo seu pai, William Jackson Smart. O interesse pela data difundiu-se da cidade de Spokane para todo o Estado de Washington e para o Mundo.;;Dia dos Pais;;Dia Convencional;9
71;07/09/2014;"O Dia da Indepência do Brasil, oficialmente a data comemorada é a de 7 de setembro de 1822, em que ocorreu o chamado ""Grito do Ipiranga"".";http://www.calendario.com.br/feriados-nacionais/independencia-do-brasil.php;Independência do Brasil;;Feriado Nacional;1
72;12/10/2014;Nossa Senhora da Conceição Aparecida é a padroeira do Brasil. Sua festa é celebrada em 12 de outubro, um feriado nacional desde que o Papa João Paulo II consagrou a Basílica em 1980.;http://www.calendario.com.br/feriados-nacionais/nossa-senhora-aparecida.php;Nossa Senhora Aparecida;;Feriado Nacional;1
73;15/10/2014;"FERIADO ESCOLAR - No dia 15 de outubro de 1827 (dia consagrado à educadora Santa Teresa de Ávila), o Imperador do Brasil, Pedro I,  baixou um Decreto Imperial que criou o Ensino Elementar no Brasil. Pelo decreto, ""todas as cidades, vilas e lugarejos teriam suas escolas de primeiras letras""";http://www.calendario.com.br/docs/dia-do-professor.html;Dia do Professor;;Facultativo;4
74;17/10/2014;Comemoração do dia do comércio. Em algumas cidades do Brasil o comércio poderá fechar, dependendo de acordos entre os sindicatos e patrões.;;Dia do Comércio;;Dia Convencional;9
75;28/10/2014;O dia do servidor público é feriado apenas para funcionários públicos.;;Dia do Servidor Público;;Facultativo;4
76;02/11/2014;O Dia de Finados ou Dia dos Fiéis Defuntos, (conhecido ainda como Dia dos Mortos no México), é celebrado pela Igreja Católica no dia 2 de novembro e é Feriado Nacional.;http://www.calendario.com.br/feriados-nacionais/dia-de-finados.php;Dia de Finados;;Feriado Nacional;1
77;15/11/2014;A Proclamação da República foi um levante político-militar ocorrido em 15 de novembro de 1889 que instaurou a forma Republicana Federativa Presidencialista de governo no Brasil, derrubando a Monarquia e, por conseguinte, o imperador dom Pedro II.;http://www.calendario.com.br/feriados-nacionais/proclamacao-da-republica.php;Proclamação da República;;Feriado Nacional;1
78;20/11/2014;Apesar de ser comemorado em todo o território nacional, conforme indica a Lei Federal nº 12.519, de 10 de novembro de 2011, o Dia Nacional de Zumbi e da Consciência Negra não é feriado. No entanto, alguns municípios decretam feriado municipal neste dia.;http://www.calendario.com.br/feriados-nacionais/consciencia-negra.php;Consciência Negra;;Dia Convencional;9
79;08/12/2014;conforme a Lei nº 9.777 de junho de 1967;http://www.calendario.com.br/docs/pe/recife/l9777.html;Dia de Nossa Senhora da Conceição;conforme a Lei nº 9.777 de junho de 1967;Feriado Municipal;3
80;25/12/2014;O Natal é comemorado anualmente em 25 de Dezembro. Originalmente destinado a celebrar o nascimento anual do Deus Sol no solstício de inverno, foi adaptado pela Igreja Católica no 3o século d.C., para permitir a conversão dos povos pagãos sob o domínio do Império Romano, passando a comemorar o nascimento de Jesus de Nazaré.;http://www.calendario.com.br/feriados-nacionais/natal.php;Natal;;Feriado Nacional;1
81;01/01/2015;O Ano-Novo ou Réveillon é um evento que acontece quando uma cultura celebra o fim de um ano e o começo do próximo. A celebração do evento é também chamada Réveillon, termo oriundo do verbo francês réveiller, que em português significa DESPERTAR;http://www.calendario.com.br/feriados-nacionais/ano-novo.php;Ano Novo;;Feriado Nacional;1
82;16/02/2015;Ponto Facultativo, ou seja, cabe às empresas e orgão públicos decidirem se trabalharão ou não.;http://www.calendario.com.br/feriados-nacionais/carnaval.php;Carnaval;;Facultativo;4
83;17/02/2015;Carnaval NÃO é um feriado oficial, é Ponto Facultativo, ou seja, cabe às empresas e orgão públicos decidirem se trabalharão ou não.;http://www.calendario.com.br/feriados-nacionais/carnaval.php;Carnaval;;Facultativo;4
84;18/02/2015;Ponto Facultativo até às 14h.;http://www.calendario.com.br/feriados-nacionais/carnaval.php;Carnaval;;Facultativo;4
85;06/03/2015;Data Magna de Pernambuco (Lei nº 16.059, de 8 de junho de 2017). A chamada Revolução Pernambucana, também conhecida como Revolução dos Padres, eclodiu em 6 de março de 1817 na então Província de Pernambuco, no Brasil.;http://www.calendario.com.br/docs/pe/data_magna_pernambuco.html;Revolução Pernambucana;Data Magna de Pernambuco (Lei nº 16.059, de 8 de junho de 2017). A chamada Revolução Pernambucana, também conhecida como Revolução dos Padres, eclodiu em 6 de março de 1817 na então Província de Pernambuco, no Brasil.;Feriado Estadual;2
86;01/04/2015;Dia da mentira, dia das petas, dia dos tolos ou dia dos bobos.;;Dia da Mentira;;Dia Convencional;9
87;03/04/2015;"Também chamada de ""Sexta Feira da Paixão"" é a sexta-feira que ocorre antes do domingo de Páscoa, e é o dia que os cristãos lembram da crucificação de Cristo.";http://www.calendario.com.br/feriados-nacionais/sexta-feira-santa.php;Sexta-Feira Santa;;Feriado Nacional;1
88;03/04/2015;conforme a Lei nº 9.777 de junho de 1967;http://leismunicipa.is/ochsi;Sexta-feira Santa;conforme a Lei nº 9.777 de junho de 1967;Feriado Municipal;3
89;05/04/2015;A Páscoa é um evento religioso cristão, normalmente considerado pelas igrejas ligadas a esta corrente religiosa como a maior e a mais importante festa da Cristandade. Na Páscoa os cristãos celebram a Ressurreição de Jesus Cristo depois da sua morte.;;Páscoa;;Dia Convencional;9
90;21/04/2015;Joaquim José da Silva Xavier, o Tiradentes foi um dentista, tropeiro, minerador, comerciante, militar e ativista político. É reconhecido como mártir da Inconfidência Mineira e herói nacional. O dia de sua execução, 21 de abril, é feriado nacional.;http://www.calendario.com.br/feriados-nacionais/dia-de-tiradentes.php;Dia de Tiradentes;;Feriado Nacional;1
91;01/05/2015;O Dia do Trabalhador ou Dia Internacional dos Trabalhadores é celebrado anualmente no dia 1º de Maio em numerosos países do mundo, sendo feriado no Brasil, em Portugal e em outros países.;http://www.calendario.com.br/feriados-nacionais/dia-do-trabalho.php;Dia do Trabalho;;Feriado Nacional;1
92;10/05/2015;O Dia das Mães teve a sua origem no princípio do século XX, quando uma jovem norte-americana, Anna Jarvis, perdeu sua mãe e entrou em completa depressão. Preocupadas com aquele sofrimento, algumas amigas tiveram a ideia de criar uma data para comemorar o dia das mães.;;Dia das Mães;;Dia Convencional;9
93;04/06/2015;Ponto Facultativo no País, mas Feriado Municipal em algumas cidades.. Corpus Christi, expressão latina que significa Corpo de Cristo, é uma festa Cristã realizada na quinta-feira seguinte ao domingo da Santíssima Trindade.;http://www.calendario.com.br/feriados-nacionais/corpus-christi.php;Corpus Christi;;Facultativo;4
94;12/06/2015;O Dia dos Namorados ou Dia de São Valentim é uma data comemorativa na qual se celebra a união amorosa entre casais sendo comum a troca de cartões e presentes.;;Dia dos Namorados;;Dia Convencional;9
95;24/06/2015;O mastro de São João, conhecido em Portugal também como o mastro dos Santos Populares, é erguido durante a festa junina para celebrar os três santos ligados a essa festa.;;Dia de São João;O mastro de São João, conhecido em Portugal também como o mastro dos Santos Populares, é erguido durante a festa junina para celebrar os três santos ligados a essa festa.;Feriado Estadual;2
96;16/07/2015;conforme a Lei nº 9.777 de junho de 1967;http://leismunicipa.is/ochsi;Dia de Nossa Senhora do Carmo (Padroeira do Recife);conforme a Lei nº 9.777 de junho de 1967;Feriado Municipal;3
97;09/08/2015;Em 1909, nos Estados Unidos, Sonora Luise resolveu criar um dia dedicado aos pais, motivada pela admiração que sentia pelo seu pai, William Jackson Smart. O interesse pela data difundiu-se da cidade de Spokane para todo o Estado de Washington e para o Mundo.;;Dia dos Pais;;Dia Convencional;9
98;07/09/2015;"O Dia da Indepência do Brasil, oficialmente a data comemorada é a de 7 de setembro de 1822, em que ocorreu o chamado ""Grito do Ipiranga"".";http://www.calendario.com.br/feriados-nacionais/independencia-do-brasil.php;Independência do Brasil;;Feriado Nacional;1
99;12/10/2015;Nossa Senhora da Conceição Aparecida é a padroeira do Brasil. Sua festa é celebrada em 12 de outubro, um feriado nacional desde que o Papa João Paulo II consagrou a Basílica em 1980.;http://www.calendario.com.br/feriados-nacionais/nossa-senhora-aparecida.php;Nossa Senhora Aparecida;;Feriado Nacional;1
100;15/10/2015;"FERIADO ESCOLAR - No dia 15 de outubro de 1827 (dia consagrado à educadora Santa Teresa de Ávila), o Imperador do Brasil, Pedro I,  baixou um Decreto Imperial que criou o Ensino Elementar no Brasil. Pelo decreto, ""todas as cidades, vilas e lugarejos teriam suas escolas de primeiras letras""";http://www.calendario.com.br/docs/dia-do-professor.html;Dia do Professor;;Facultativo;4
101;17/10/2015;Comemoração do dia do comércio. Em algumas cidades do Brasil o comércio poderá fechar, dependendo de acordos entre os sindicatos e patrões.;;Dia do Comércio;;Dia Convencional;9
102;28/10/2015;O dia do servidor público é feriado apenas para funcionários públicos.;;Dia do Servidor Público;;Facultativo;4
103;02/11/2015;O Dia de Finados ou Dia dos Fiéis Defuntos, (conhecido ainda como Dia dos Mortos no México), é celebrado pela Igreja Católica no dia 2 de novembro e é Feriado Nacional.;http://www.calendario.com.br/feriados-nacionais/dia-de-finados.php;Dia de Finados;;Feriado Nacional;1
104;15/11/2015;A Proclamação da República foi um levante político-militar ocorrido em 15 de novembro de 1889 que instaurou a forma Republicana Federativa Presidencialista de governo no Brasil, derrubando a Monarquia e, por conseguinte, o imperador dom Pedro II.;http://www.calendario.com.br/feriados-nacionais/proclamacao-da-republica.php;Proclamação da República;;Feriado Nacional;1
105;20/11/2015;Apesar de ser comemorado em todo o território nacional, conforme indica a Lei Federal nº 12.519, de 10 de novembro de 2011, o Dia Nacional de Zumbi e da Consciência Negra não é feriado. No entanto, alguns municípios decretam feriado municipal neste dia.;http://www.calendario.com.br/feriados-nacionais/consciencia-negra.php;Consciência Negra;;Dia Convencional;9
106;08/12/2015;conforme a Lei nº 9.777 de junho de 1967;http://www.calendario.com.br/docs/pe/recife/l9777.html;Dia de Nossa Senhora da Conceição;conforme a Lei nº 9.777 de junho de 1967;Feriado Municipal;3
107;25/12/2015;O Natal é comemorado anualmente em 25 de Dezembro. Originalmente destinado a celebrar o nascimento anual do Deus Sol no solstício de inverno, foi adaptado pela Igreja Católica no 3o século d.C., para permitir a conversão dos povos pagãos sob o domínio do Império Romano, passando a comemorar o nascimento de Jesus de Nazaré.;http://www.calendario.com.br/feriados-nacionais/natal.php;Natal;;Feriado Nacional;1
108;01/01/2016;O Ano-Novo ou Réveillon é um evento que acontece quando uma cultura celebra o fim de um ano e o começo do próximo. A celebração do evento é também chamada Réveillon, termo oriundo do verbo francês réveiller, que em português significa DESPERTAR;http://www.calendario.com.br/feriados-nacionais/ano-novo.php;Ano Novo;;Feriado Nacional;1
109;08/02/2016;Ponto Facultativo, ou seja, cabe às empresas e orgão públicos decidirem se trabalharão ou não.;http://www.calendario.com.br/feriados-nacionais/carnaval.php;Carnaval;;Facultativo;4
110;09/02/2016;Carnaval NÃO é um feriado oficial, é Ponto Facultativo, ou seja, cabe às empresas e orgão públicos decidirem se trabalharão ou não.;http://www.calendario.com.br/feriados-nacionais/carnaval.php;Carnaval;;Facultativo;4
111;10/02/2016;Ponto Facultativo até às 14h.;http://www.calendario.com.br/feriados-nacionais/carnaval.php;Carnaval;;Facultativo;4
112;06/03/2016;Data Magna de Pernambuco (Lei nº 16.059, de 8 de junho de 2017). A chamada Revolução Pernambucana, também conhecida como Revolução dos Padres, eclodiu em 6 de março de 1817 na então Província de Pernambuco, no Brasil.;http://www.calendario.com.br/docs/pe/data_magna_pernambuco.html;Revolução Pernambucana;Data Magna de Pernambuco (Lei nº 16.059, de 8 de junho de 2017). A chamada Revolução Pernambucana, também conhecida como Revolução dos Padres, eclodiu em 6 de março de 1817 na então Província de Pernambuco, no Brasil.;Feriado Estadual;2
113;25/03/2016;"Também chamada de ""Sexta Feira da Paixão"" é a sexta-feira que ocorre antes do domingo de Páscoa, e é o dia que os cristãos lembram da crucificação de Cristo.";http://www.calendario.com.br/feriados-nacionais/sexta-feira-santa.php;Sexta-Feira Santa;;Feriado Nacional;1
114;25/03/2016;conforme a Lei nº 9.777 de junho de 1967;http://leismunicipa.is/ochsi;Sexta-feira Santa;conforme a Lei nº 9.777 de junho de 1967;Feriado Municipal;3
115;27/03/2016;A Páscoa é um evento religioso cristão, normalmente considerado pelas igrejas ligadas a esta corrente religiosa como a maior e a mais importante festa da Cristandade. Na Páscoa os cristãos celebram a Ressurreição de Jesus Cristo depois da sua morte.;;Páscoa;;Dia Convencional;9
116;01/04/2016;Dia da mentira, dia das petas, dia dos tolos ou dia dos bobos.;;Dia da Mentira;;Dia Convencional;9
117;21/04/2016;Joaquim José da Silva Xavier, o Tiradentes foi um dentista, tropeiro, minerador, comerciante, militar e ativista político. É reconhecido como mártir da Inconfidência Mineira e herói nacional. O dia de sua execução, 21 de abril, é feriado nacional.;http://www.calendario.com.br/feriados-nacionais/dia-de-tiradentes.php;Dia de Tiradentes;;Feriado Nacional;1
118;01/05/2016;O Dia do Trabalhador ou Dia Internacional dos Trabalhadores é celebrado anualmente no dia 1º de Maio em numerosos países do mundo, sendo feriado no Brasil, em Portugal e em outros países.;http://www.calendario.com.br/feriados-nacionais/dia-do-trabalho.php;Dia do Trabalho;;Feriado Nacional;1
119;08/05/2016;O Dia das Mães teve a sua origem no princípio do século XX, quando uma jovem norte-americana, Anna Jarvis, perdeu sua mãe e entrou em completa depressão. Preocupadas com aquele sofrimento, algumas amigas tiveram a ideia de criar uma data para comemorar o dia das mães.;;Dia das Mães;;Dia Convencional;9
120;26/05/2016;Ponto Facultativo no País, mas Feriado Municipal em algumas cidades.. Corpus Christi, expressão latina que significa Corpo de Cristo, é uma festa Cristã realizada na quinta-feira seguinte ao domingo da Santíssima Trindade.;http://www.calendario.com.br/feriados-nacionais/corpus-christi.php;Corpus Christi;;Facultativo;4
121;12/06/2016;O Dia dos Namorados ou Dia de São Valentim é uma data comemorativa na qual se celebra a união amorosa entre casais sendo comum a troca de cartões e presentes.;;Dia dos Namorados;;Dia Convencional;9
122;24/06/2016;O mastro de São João, conhecido em Portugal também como o mastro dos Santos Populares, é erguido durante a festa junina para celebrar os três santos ligados a essa festa.;;Dia de São João;O mastro de São João, conhecido em Portugal também como o mastro dos Santos Populares, é erguido durante a festa junina para celebrar os três santos ligados a essa festa.;Feriado Estadual;2
123;16/07/2016;conforme a Lei nº 9.777 de junho de 1967;http://leismunicipa.is/ochsi;Dia de Nossa Senhora do Carmo (Padroeira do Recife);conforme a Lei nº 9.777 de junho de 1967;Feriado Municipal;3
124;14/08/2016;Em 1909, nos Estados Unidos, Sonora Luise resolveu criar um dia dedicado aos pais, motivada pela admiração que sentia pelo seu pai, William Jackson Smart. O interesse pela data difundiu-se da cidade de Spokane para todo o Estado de Washington e para o Mundo.;;Dia dos Pais;;Dia Convencional;9
125;07/09/2016;"O Dia da Indepência do Brasil, oficialmente a data comemorada é a de 7 de setembro de 1822, em que ocorreu o chamado ""Grito do Ipiranga"".";http://www.calendario.com.br/feriados-nacionais/independencia-do-brasil.php;Independência do Brasil;;Feriado Nacional;1
126;12/10/2016;Nossa Senhora da Conceição Aparecida é a padroeira do Brasil. Sua festa é celebrada em 12 de outubro, um feriado nacional desde que o Papa João Paulo II consagrou a Basílica em 1980.;http://www.calendario.com.br/feriados-nacionais/nossa-senhora-aparecida.php;Nossa Senhora Aparecida;;Feriado Nacional;1
127;15/10/2016;"FERIADO ESCOLAR - No dia 15 de outubro de 1827 (dia consagrado à educadora Santa Teresa de Ávila), o Imperador do Brasil, Pedro I,  baixou um Decreto Imperial que criou o Ensino Elementar no Brasil. Pelo decreto, ""todas as cidades, vilas e lugarejos teriam suas escolas de primeiras letras""";http://www.calendario.com.br/docs/dia-do-professor.html;Dia do Professor;;Facultativo;4
128;17/10/2016;Comemoração do dia do comércio. Em algumas cidades do Brasil o comércio poderá fechar, dependendo de acordos entre os sindicatos e patrões.;;Dia do Comércio;;Dia Convencional;9
129;28/10/2016;O dia do servidor público é feriado apenas para funcionários públicos.;;Dia do Servidor Público;;Facultativo;4
130;02/11/2016;O Dia de Finados ou Dia dos Fiéis Defuntos, (conhecido ainda como Dia dos Mortos no México), é celebrado pela Igreja Católica no dia 2 de novembro e é Feriado Nacional.;http://www.calendario.com.br/feriados-nacionais/dia-de-finados.php;Dia de Finados;;Feriado Nacional;1
131;15/11/2016;A Proclamação da República foi um levante político-militar ocorrido em 15 de novembro de 1889 que instaurou a forma Republicana Federativa Presidencialista de governo no Brasil, derrubando a Monarquia e, por conseguinte, o imperador dom Pedro II.;http://www.calendario.com.br/feriados-nacionais/proclamacao-da-republica.php;Proclamação da República;;Feriado Nacional;1
132;20/11/2016;Apesar de ser comemorado em todo o território nacional, conforme indica a Lei Federal nº 12.519, de 10 de novembro de 2011, o Dia Nacional de Zumbi e da Consciência Negra não é feriado. No entanto, alguns municípios decretam feriado municipal neste dia.;http://www.calendario.com.br/feriados-nacionais/consciencia-negra.php;Consciência Negra;;Dia Convencional;9
133;08/12/2016;conforme a Lei nº 9.777 de junho de 1967;http://www.calendario.com.br/docs/pe/recife/l9777.html;Dia de Nossa Senhora da Conceição;conforme a Lei nº 9.777 de junho de 1967;Feriado Municipal;3
134;25/12/2016;O Natal é comemorado anualmente em 25 de Dezembro. Originalmente destinado a celebrar o nascimento anual do Deus Sol no solstício de inverno, foi adaptado pela Igreja Católica no 3o século d.C., para permitir a conversão dos povos pagãos sob o domínio do Império Romano, passando a comemorar o nascimento de Jesus de Nazaré.;http://www.calendario.com.br/feriados-nacionais/natal.php;Natal;;Feriado Nacional;1
135;01/01/2017;O Ano-Novo ou Réveillon é um evento que acontece quando uma cultura celebra o fim de um ano e o começo do próximo. A celebração do evento é também chamada Réveillon, termo oriundo do verbo francês réveiller, que em português significa DESPERTAR;http://www.calendario.com.br/feriados-nacionais/ano-novo.php;Ano Novo;;Feriado Nacional;1
136;27/02/2017;Ponto Facultativo, ou seja, cabe às empresas e orgão públicos decidirem se trabalharão ou não.;http://www.calendario.com.br/feriados-nacionais/carnaval.php;Carnaval;;Facultativo;4
137;28/02/2017;Carnaval NÃO é um feriado oficial, é Ponto Facultativo, ou seja, cabe às empresas e orgão públicos decidirem se trabalharão ou não.;http://www.calendario.com.br/feriados-nacionais/carnaval.php;Carnaval;;Facultativo;4
138;01/03/2017;Ponto Facultativo até às 14h.;http://www.calendario.com.br/feriados-nacionais/carnaval.php;Carnaval;;Facultativo;4
139;06/03/2017;Data Magna de Pernambuco (Lei nº 16.059, de 8 de junho de 2017). A chamada Revolução Pernambucana, também conhecida como Revolução dos Padres, eclodiu em 6 de março de 1817 na então Província de Pernambuco, no Brasil.;http://www.calendario.com.br/docs/pe/data_magna_pernambuco.html;Revolução Pernambucana;Data Magna de Pernambuco (Lei nº 16.059, de 8 de junho de 2017). A chamada Revolução Pernambucana, também conhecida como Revolução dos Padres, eclodiu em 6 de março de 1817 na então Província de Pernambuco, no Brasil.;Feriado Estadual;2
140;01/04/2017;Dia da mentira, dia das petas, dia dos tolos ou dia dos bobos.;;Dia da Mentira;;Dia Convencional;9
141;14/04/2017;"Também chamada de ""Sexta Feira da Paixão"" é a sexta-feira que ocorre antes do domingo de Páscoa, e é o dia que os cristãos lembram da crucificação de Cristo.";http://www.calendario.com.br/feriados-nacionais/sexta-feira-santa.php;Sexta-Feira Santa;;Feriado Nacional;1
142;14/04/2017;conforme a Lei nº 9.777 de junho de 1967;http://leismunicipa.is/ochsi;Sexta-feira Santa;conforme a Lei nº 9.777 de junho de 1967;Feriado Municipal;3
143;16/04/2017;A Páscoa é um evento religioso cristão, normalmente considerado pelas igrejas ligadas a esta corrente religiosa como a maior e a mais importante festa da Cristandade. Na Páscoa os cristãos celebram a Ressurreição de Jesus Cristo depois da sua morte.;;Páscoa;;Dia Convencional;9
144;21/04/2017;Joaquim José da Silva Xavier, o Tiradentes foi um dentista, tropeiro, minerador, comerciante, militar e ativista político. É reconhecido como mártir da Inconfidência Mineira e herói nacional. O dia de sua execução, 21 de abril, é feriado nacional.;http://www.calendario.com.br/feriados-nacionais/dia-de-tiradentes.php;Dia de Tiradentes;;Feriado Nacional;1
145;01/05/2017;O Dia do Trabalhador ou Dia Internacional dos Trabalhadores é celebrado anualmente no dia 1º de Maio em numerosos países do mundo, sendo feriado no Brasil, em Portugal e em outros países.;http://www.calendario.com.br/feriados-nacionais/dia-do-trabalho.php;Dia do Trabalho;;Feriado Nacional;1
146;14/05/2017;O Dia das Mães teve a sua origem no princípio do século XX, quando uma jovem norte-americana, Anna Jarvis, perdeu sua mãe e entrou em completa depressão. Preocupadas com aquele sofrimento, algumas amigas tiveram a ideia de criar uma data para comemorar o dia das mães.;;Dia das Mães;;Dia Convencional;9
147;12/06/2017;O Dia dos Namorados ou Dia de São Valentim é uma data comemorativa na qual se celebra a união amorosa entre casais sendo comum a troca de cartões e presentes.;;Dia dos Namorados;;Dia Convencional;9
148;15/06/2017;Ponto Facultativo no País, mas Feriado Municipal em algumas cidades.. Corpus Christi, expressão latina que significa Corpo de Cristo, é uma festa Cristã realizada na quinta-feira seguinte ao domingo da Santíssima Trindade.;http://www.calendario.com.br/feriados-nacionais/corpus-christi.php;Corpus Christi;;Facultativo;4
149;24/06/2017;O mastro de São João, conhecido em Portugal também como o mastro dos Santos Populares, é erguido durante a festa junina para celebrar os três santos ligados a essa festa.;;Dia de São João;O mastro de São João, conhecido em Portugal também como o mastro dos Santos Populares, é erguido durante a festa junina para celebrar os três santos ligados a essa festa.;Feriado Estadual;2
150;16/07/2017;conforme a Lei nº 9.777 de junho de 1967;http://leismunicipa.is/ochsi;Dia de Nossa Senhora do Carmo (Padroeira do Recife);conforme a Lei nº 9.777 de junho de 1967;Feriado Municipal;3
151;13/08/2017;Em 1909, nos Estados Unidos, Sonora Luise resolveu criar um dia dedicado aos pais, motivada pela admiração que sentia pelo seu pai, William Jackson Smart. O interesse pela data difundiu-se da cidade de Spokane para todo o Estado de Washington e para o Mundo.;;Dia dos Pais;;Dia Convencional;9
152;07/09/2017;"O Dia da Indepência do Brasil, oficialmente a data comemorada é a de 7 de setembro de 1822, em que ocorreu o chamado ""Grito do Ipiranga"".";http://www.calendario.com.br/feriados-nacionais/independencia-do-brasil.php;Independência do Brasil;;Feriado Nacional;1
153;12/10/2017;Nossa Senhora da Conceição Aparecida é a padroeira do Brasil. Sua festa é celebrada em 12 de outubro, um feriado nacional desde que o Papa João Paulo II consagrou a Basílica em 1980.;http://www.calendario.com.br/feriados-nacionais/nossa-senhora-aparecida.php;Nossa Senhora Aparecida;;Feriado Nacional;1
154;15/10/2017;"FERIADO ESCOLAR - No dia 15 de outubro de 1827 (dia consagrado à educadora Santa Teresa de Ávila), o Imperador do Brasil, Pedro I,  baixou um Decreto Imperial que criou o Ensino Elementar no Brasil. Pelo decreto, ""todas as cidades, vilas e lugarejos teriam suas escolas de primeiras letras""";http://www.calendario.com.br/docs/dia-do-professor.html;Dia do Professor;;Facultativo;4
155;17/10/2017;Comemoração do dia do comércio. Em algumas cidades do Brasil o comércio poderá fechar, dependendo de acordos entre os sindicatos e patrões.;;Dia do Comércio;;Dia Convencional;9
156;28/10/2017;O dia do servidor público é feriado apenas para funcionários públicos.;;Dia do Servidor Público;;Facultativo;4
157;02/11/2017;O Dia de Finados ou Dia dos Fiéis Defuntos, (conhecido ainda como Dia dos Mortos no México), é celebrado pela Igreja Católica no dia 2 de novembro e é Feriado Nacional.;http://www.calendario.com.br/feriados-nacionais/dia-de-finados.php;Dia de Finados;;Feriado Nacional;1
158;15/11/2017;A Proclamação da República foi um levante político-militar ocorrido em 15 de novembro de 1889 que instaurou a forma Republicana Federativa Presidencialista de governo no Brasil, derrubando a Monarquia e, por conseguinte, o imperador dom Pedro II.;http://www.calendario.com.br/feriados-nacionais/proclamacao-da-republica.php;Proclamação da República;;Feriado Nacional;1
159;20/11/2017;Apesar de ser comemorado em todo o território nacional, conforme indica a Lei Federal nº 12.519, de 10 de novembro de 2011, o Dia Nacional de Zumbi e da Consciência Negra não é feriado. No entanto, alguns municípios decretam feriado municipal neste dia.;http://www.calendario.com.br/feriados-nacionais/consciencia-negra.php;Consciência Negra;;Dia Convencional;9
160;08/12/2017;conforme a Lei nº 9.777 de junho de 1967;http://www.calendario.com.br/docs/pe/recife/l9777.html;Dia de Nossa Senhora da Conceição;conforme a Lei nº 9.777 de junho de 1967;Feriado Municipal;3
161;25/12/2017;O Natal é comemorado anualmente em 25 de Dezembro. Originalmente destinado a celebrar o nascimento anual do Deus Sol no solstício de inverno, foi adaptado pela Igreja Católica no 3o século d.C., para permitir a conversão dos povos pagãos sob o domínio do Império Romano, passando a comemorar o nascimento de Jesus de Nazaré.;http://www.calendario.com.br/feriados-nacionais/natal.php;Natal;;Feriado Nacional;1
162;01/01/2018;O Ano-Novo ou Réveillon é um evento que acontece quando uma cultura celebra o fim de um ano e o começo do próximo. A celebração do evento é também chamada Réveillon, termo oriundo do verbo francês réveiller, que em português significa DESPERTAR;http://www.calendario.com.br/feriados-nacionais/ano-novo.php;Ano Novo;;Feriado Nacional;1
163;12/02/2018;Ponto Facultativo, ou seja, cabe às empresas e orgão públicos decidirem se trabalharão ou não.;http://www.calendario.com.br/feriados-nacionais/carnaval.php;Carnaval;;Facultativo;4
164;13/02/2018;Carnaval NÃO é um feriado oficial, é Ponto Facultativo, ou seja, cabe às empresas e orgão públicos decidirem se trabalharão ou não.;http://www.calendario.com.br/feriados-nacionais/carnaval.php;Carnaval;;Facultativo;4
165;14/02/2018;Ponto Facultativo até às 14h.;http://www.calendario.com.br/feriados-nacionais/carnaval.php;Carnaval;;Facultativo;4
166;06/03/2018;Data Magna de Pernambuco (Lei nº 16.059, de 8 de junho de 2017). A chamada Revolução Pernambucana, também conhecida como Revolução dos Padres, eclodiu em 6 de março de 1817 na então Província de Pernambuco, no Brasil.;http://www.calendario.com.br/docs/pe/data_magna_pernambuco.html;Revolução Pernambucana;Data Magna de Pernambuco (Lei nº 16.059, de 8 de junho de 2017). A chamada Revolução Pernambucana, também conhecida como Revolução dos Padres, eclodiu em 6 de março de 1817 na então Província de Pernambuco, no Brasil.;Feriado Estadual;2
167;30/03/2018;"Também chamada de ""Sexta Feira da Paixão"" é a sexta-feira que ocorre antes do domingo de Páscoa, e é o dia que os cristãos lembram da crucificação de Cristo.";http://www.calendario.com.br/feriados-nacionais/sexta-feira-santa.php;Sexta-Feira Santa;;Feriado Nacional;1
168;30/03/2018;conforme a Lei nº 9.777 de junho de 1967;http://leismunicipa.is/ochsi;Sexta-feira Santa;conforme a Lei nº 9.777 de junho de 1967;Feriado Municipal;3
169;01/04/2018;Dia da mentira, dia das petas, dia dos tolos ou dia dos bobos.;;Dia da Mentira;;Dia Convencional;9
170;21/04/2018;Joaquim José da Silva Xavier, o Tiradentes foi um dentista, tropeiro, minerador, comerciante, militar e ativista político. É reconhecido como mártir da Inconfidência Mineira e herói nacional. O dia de sua execução, 21 de abril, é feriado nacional.;http://www.calendario.com.br/feriados-nacionais/dia-de-tiradentes.php;Dia de Tiradentes;;Feriado Nacional;1
171;01/05/2018;O Dia do Trabalhador ou Dia Internacional dos Trabalhadores é celebrado anualmente no dia 1º de Maio em numerosos países do mundo, sendo feriado no Brasil, em Portugal e em outros países.;http://www.calendario.com.br/feriados-nacionais/dia-do-trabalho.php;Dia do Trabalho;;Feriado Nacional;1
172;13/05/2018;O Dia das Mães teve a sua origem no princípio do século XX, quando uma jovem norte-americana, Anna Jarvis, perdeu sua mãe e entrou em completa depressão. Preocupadas com aquele sofrimento, algumas amigas tiveram a ideia de criar uma data para comemorar o dia das mães.;;Dia das Mães;;Dia Convencional;9
173;31/05/2018;Ponto Facultativo no País, mas Feriado Municipal em algumas cidades.. Corpus Christi, expressão latina que significa Corpo de Cristo, é uma festa Cristã realizada na quinta-feira seguinte ao domingo da Santíssima Trindade.;http://www.calendario.com.br/feriados-nacionais/corpus-christi.php;Corpus Christi;;Facultativo;4
174;12/06/2018;O Dia dos Namorados ou Dia de São Valentim é uma data comemorativa na qual se celebra a união amorosa entre casais sendo comum a troca de cartões e presentes.;;Dia dos Namorados;;Dia Convencional;9
175;24/06/2018;O mastro de São João, conhecido em Portugal também como o mastro dos Santos Populares, é erguido durante a festa junina para celebrar os três santos ligados a essa festa.;;Dia de São João;O mastro de São João, conhecido em Portugal também como o mastro dos Santos Populares, é erguido durante a festa junina para celebrar os três santos ligados a essa festa.;Feriado Estadual;2
176;16/07/2018;conforme a Lei nº 9.777 de junho de 1967;http://leismunicipa.is/ochsi;Dia de Nossa Senhora do Carmo (Padroeira do Recife);conforme a Lei nº 9.777 de junho de 1967;Feriado Municipal;3
177;12/08/2018;Em 1909, nos Estados Unidos, Sonora Luise resolveu criar um dia dedicado aos pais, motivada pela admiração que sentia pelo seu pai, William Jackson Smart. O interesse pela data difundiu-se da cidade de Spokane para todo o Estado de Washington e para o Mundo.;;Dia dos Pais;;Dia Convencional;9
178;07/09/2018;"O Dia da Indepência do Brasil, oficialmente a data comemorada é a de 7 de setembro de 1822, em que ocorreu o chamado ""Grito do Ipiranga"".";http://www.calendario.com.br/feriados-nacionais/independencia-do-brasil.php;Independência do Brasil;;Feriado Nacional;1
179;12/10/2018;Nossa Senhora da Conceição Aparecida é a padroeira do Brasil. Sua festa é celebrada em 12 de outubro, um feriado nacional desde que o Papa João Paulo II consagrou a Basílica em 1980.;http://www.calendario.com.br/feriados-nacionais/nossa-senhora-aparecida.php;Nossa Senhora Aparecida;;Feriado Nacional;1
180;15/10/2018;"FERIADO ESCOLAR - No dia 15 de outubro de 1827 (dia consagrado à educadora Santa Teresa de Ávila), o Imperador do Brasil, Pedro I,  baixou um Decreto Imperial que criou o Ensino Elementar no Brasil. Pelo decreto, ""todas as cidades, vilas e lugarejos teriam suas escolas de primeiras letras""";http://www.calendario.com.br/docs/dia-do-professor.html;Dia do Professor;;Facultativo;4
181;17/10/2018;Comemoração do dia do comércio. Em algumas cidades do Brasil o comércio poderá fechar, dependendo de acordos entre os sindicatos e patrões.;;Dia do Comércio;;Dia Convencional;9
182;28/10/2018;O dia do servidor público é feriado apenas para funcionários públicos.;;Dia do Servidor Público;;Facultativo;4
183;02/11/2018;O Dia de Finados ou Dia dos Fiéis Defuntos, (conhecido ainda como Dia dos Mortos no México), é celebrado pela Igreja Católica no dia 2 de novembro e é Feriado Nacional.;http://www.calendario.com.br/feriados-nacionais/dia-de-finados.php;Dia de Finados;;Feriado Nacional;1
184;15/11/2018;A Proclamação da República foi um levante político-militar ocorrido em 15 de novembro de 1889 que instaurou a forma Republicana Federativa Presidencialista de governo no Brasil, derrubando a Monarquia e, por conseguinte, o imperador dom Pedro II.;http://www.calendario.com.br/feriados-nacionais/proclamacao-da-republica.php;Proclamação da República;;Feriado Nacional;1
185;20/11/2018;Apesar de ser comemorado em todo o território nacional, conforme indica a Lei Federal nº 12.519, de 10 de novembro de 2011, o Dia Nacional de Zumbi e da Consciência Negra não é feriado. No entanto, alguns municípios decretam feriado municipal neste dia.;http://www.calendario.com.br/feriados-nacionais/consciencia-negra.php;Consciência Negra;;Dia Convencional;9
186;08/12/2018;conforme a Lei nº 9.777 de junho de 1967;http://www.calendario.com.br/docs/pe/recife/l9777.html;Dia de Nossa Senhora da Conceição;conforme a Lei nº 9.777 de junho de 1967;Feriado Municipal;3
187;25/12/2018;O Natal é comemorado anualmente em 25 de Dezembro. Originalmente destinado a celebrar o nascimento anual do Deus Sol no solstício de inverno, foi adaptado pela Igreja Católica no 3o século d.C., para permitir a conversão dos povos pagãos sob o domínio do Império Romano, passando a comemorar o nascimento de Jesus de Nazaré.;http://www.calendario.com.br/feriados-nacionais/natal.php;Natal;;Feriado Nacional;1
