Código;Posto;Mês/Ano;01;02;03;04;05;06;07;08;09;10;11;12;13;14;15;16;17;18;19;20;21;22;23;24;25;26;27;28;29;30;31;Acumulado
265;Recife (Alto da Brasileira);jan/2012;0.0;0.0;0.0;0.0;0.0;0.0;0.0;30.0;46.0;0.0;53.0;82.0;0.0;0.0;61.0;0.0;0.0;9.0;25.0;30.0;104.0;344.0;850.0;359.0;19.0;0.0;128.0;0.0;0.0;0.0;23.0;115113
196;Recife (Codecipe / Santo Amaro);jan/2012;;;;;;;;;;;;;;;;;;;;;;;;;;;;;;;;31096
344;Recife (Lamepe/Itep);jan/2012;0.0;0.0;0.0;0.0;0.0;0.0;0.0;20.0;80.0;57.0;0.0;76.0;0.0;5.0;80.0;15.0;5.0;20.0;43.0;20.0;400.0;220.0;620.0;144.0;10.0;0.0;50.0;0.0;0.0;0.0;102.0;16116
378;Recife (Santo Amaro);jan/2012;0.0;0.0;0.0;0.0;0.0;0.0;21.0;0.0;37.0;20.0;0.0;66.0;0.0;105.0;0.0;0.0;0.0;0.0;45.0;81.0;226.0;837.0;70.0;0.0;0.0;0.0;75.0;0.0;0.0;0.0;102.0;19988
30;Recife (Várzea);jan/2012;0.0;0.0;0.0;0.0;0.0;0.0;0.0;14.0;88.0;66.0;0.0;54.0;3.0;5.0;96.0;14.0;6.0;10.0;18.0;20.0;400.0;214.0;618.0;160.0;10.0;0.0;54.0;0.0;0.0;0.0;124.0;136579
480;Recife - PCD;jan/2012;0.0;0.0;0.0;0.0;0.0;0.0;0.0;28.0;58.0;53.0;8.0;68.0;0.0;0.0;65.0;5.0;0.0;30.0;28.0;13.0;388.0;253.0;683.0;115.0;3.0;0.0;38.0;5.0;10.0;5.0;118.0;14188
265;Recife (Alto da Brasileira);fev/2012;0.0;0.0;8.0;0.0;7.0;7.0;15.0;8.0;0.0;0.0;0.0;8.0;0.0;0.0;35.0;16.0;8.0;458.0;502.0;;3.0;8.0;0.0;0.0;5.0;0.0;0.0;8.0;9.0;;;115113
196;Recife (Codecipe / Santo Amaro);fev/2012;;;;;;;;;;;;;;;;;;;;;;;;;;;;;;;;31096
344;Recife (Lamepe/Itep);fev/2012;0.0;0.0;0.0;0.0;20.0;40.0;0.0;0.0;0.0;0.0;0.0;0.0;0.0;0.0;10.0;0.0;120.0;950.0;310.0;50.0;31.0;65.0;0.0;210.0;15.0;0.0;31.0;0.0;0.0;;;16116
378;Recife (Santo Amaro);fev/2012;0.0;0.0;0.0;0.0;59.0;0.0;0.0;0.0;0.0;0.0;0.0;4.0;12.0;0.0;0.0;0.0;69.0;471.0;0.0;0.0;73.0;0.0;0.0;0.0;0.0;0.0;0.0;0.0;0.0;;;19988
30;Recife (Várzea);fev/2012;0.0;0.0;0.0;0.0;23.0;46.0;0.0;0.0;0.0;0.0;0.0;0.0;0.0;0.0;10.0;0.0;134.0;960.0;326.0;47.0;24.0;70.0;2.0;220.0;16.0;0.0;28.0;0.0;0.0;;;136579
480;Recife - PCD;fev/2012;0.0;0.0;3.0;0.0;0.0;48.0;0.0;3.0;0.0;0.0;0.0;0.0;0.0;0.0;18.0;0.0;158.0;813.0;310.0;38.0;8.0;88.0;0.0;5.0;13.0;0.0;70.0;8.0;0.0;;;14188
265;Recife (Alto da Brasileira);mar/2012;9.0;9.0;0.0;0.0;0.0;0.0;0.0;8.0;0.0;1.0;239.0;80.0;8.0;0.0;2.0;0.0;0.0;0.0;0.0;0.0;0.0;0.0;0.0;0.0;445.0;0.0;11.0;0.0;0.0;67.0;0.0;115113
196;Recife (Codecipe / Santo Amaro);mar/2012;;;;;;;;;;;;;;;;;;;;;;;;;;;;;;;;31096
344;Recife (Lamepe/Itep);mar/2012;0.0;10.0;0.0;0.0;25.0;1.0;14.0;0.0;0.0;15.0;220.0;68.0;2.0;0.0;0.0;0.0;0.0;0.0;0.0;0.0;0.0;0.0;0.0;10.0;825.0;0.0;27.0;0.0;46.0;58.0;12.0;16116
378;Recife (Santo Amaro);mar/2012;0.0;0.0;0.0;0.0;38.0;0.0;0.0;0.0;0.0;40.0;234.0;0.0;120.0;10.0;0.0;0.0;0.0;0.0;0.0;0.0;0.0;0.0;0.0;0.0;212.0;0.0;0.0;0.0;4.0;0.0;0.0;19988
30;Recife (Várzea);mar/2012;0.0;18.0;0.0;0.0;18.0;2.0;10.0;6.0;0.0;26.0;240.0;76.0;12.0;0.0;0.0;0.0;0.0;0.0;0.0;0.0;0.0;0.0;0.0;8.0;858.0;0.0;0.0;0.0;76.0;26.0;14.0;136579
480;Recife - PCD;mar/2012;0.0;0.0;0.0;0.0;13.0;0.0;0.0;0.0;0.0;8.0;235.0;113.0;15.0;0.0;0.0;0.0;0.0;5.0;0.0;0.0;0.0;0.0;0.0;5.0;725.0;0.0;0.0;3.0;13.0;25.0;3.0;14188
265;Recife (Alto da Brasileira);abr/2012;160.0;0.0;0.0;20.0;225.0;0.0;8.0;2.0;0.0;8.0;13.0;0.0;0.0;0.0;1.0;0.0;9.0;0.0;0.0;65.0;60.0;0.0;0.0;0.0;0.0;0.0;0.0;0.0;8.0;0.0;;115113
196;Recife (Codecipe / Santo Amaro);abr/2012;;;;;;;;;;;;;;;;;;;;;;;;;;;;;;;;31096
344;Recife (Lamepe/Itep);abr/2012;0.0;9.0;39.0;311.0;41.0;0.0;14.0;0.0;80.0;21.0;14.0;0.0;1.0;0.0;0.0;0.0;0.0;0.0;0.0;45.0;91.0;0.0;0.0;0.0;0.0;0.0;0.0;0.0;4.0;0.0;;16116
378;Recife (Santo Amaro);abr/2012;0.0;0.0;0.0;136.0;0.0;0.0;0.0;4.0;0.0;0.0;0.0;0.0;0.0;0.0;0.0;0.0;29.0;0.0;0.0;16.0;0.0;0.0;0.0;0.0;0.0;0.0;0.0;0.0;0.0;0.0;;19988
30;Recife (Várzea);abr/2012;0.0;13.0;61.0;296.0;28.0;0.0;2.0;0.0;34.0;26.0;14.0;0.0;0.0;0.0;0.0;0.0;4.0;0.0;0.0;31.0;46.0;0.0;0.0;0.0;0.0;0.0;0.0;0.0;6.0;0.0;;136579
480;Recife - PCD;abr/2012;5.0;0.0;3.0;190.0;15.0;0.0;0.0;0.0;75.0;25.0;0.0;0.0;0.0;0.0;0.0;0.0;5.0;0.0;0.0;50.0;0.0;0.0;0.0;0.0;0.0;0.0;0.0;0.0;0.0;0.0;;14188
265;Recife (Alto da Brasileira);mai/2012;0.0;0.0;0.0;33.0;18.0;0.0;45.0;0.0;0.0;0.0;0.0;0.0;0.0;0.0;0.0;0.0;0.0;1.0;7.0;43.0;0.0;0.0;0.0;144.0;312.0;69.0;23.0;20.0;145.0;131.0;40.0;115113
196;Recife (Codecipe / Santo Amaro);mai/2012;;;;;;;;;;;;;;;;;;;;;;;;;;;;;;;;31096
344;Recife (Lamepe/Itep);mai/2012;0.0;0.0;0.0;45.0;8.0;40.0;50.0;13.0;3.0;0.0;0.0;21.0;0.0;0.0;0.0;0.0;0.0;5.0;0.0;160.0;1.0;62.0;43.0;400.0;169.0;260.0;0.0;0.0;263.0;185.0;0.0;16116
378;Recife (Santo Amaro);mai/2012;0.0;0.0;0.0;65.0;30.0;0.0;139.0;10.0;0.0;0.0;0.0;0.0;0.0;0.0;0.0;0.0;0.0;0.0;47.0;5.0;7.0;33.0;39.0;113.0;388.0;259.0;4.0;0.0;86.0;198.0;0.0;19988
30;Recife (Várzea);mai/2012;0.0;0.0;0.0;66.0;14.0;47.0;68.0;47.0;2.0;0.0;0.0;20.0;0.0;18.0;0.0;0.0;0.0;14.0;0.0;210.0;2.0;52.0;64.0;401.0;156.0;216.0;6.0;8.0;270.0;222.0;0.0;136579
480;Recife - PCD;mai/2012;0.0;0.0;0.0;33.0;38.0;0.0;58.0;0.0;0.0;0.0;0.0;43.0;0.0;0.0;0.0;0.0;0.0;0.0;0.0;50.0;3.0;25.0;18.0;378.0;260.0;123.0;3.0;0.0;158.0;140.0;0.0;14188
265;Recife (Alto da Brasileira);jun/2012;0.0;14.0;1.0;0.0;0.0;0.0;270.0;0.0;7.0;0.0;0.0;42.0;8.0;950.0;145.0;70.0;45.0;31.0;245.0;308.0;84.0;200.0;0.0;0.0;184.0;102.0;0.0;605.0;180.0;0.0;;115113
196;Recife (Codecipe / Santo Amaro);jun/2012;;;;;;;;;;;;;;;;;;;;;;;;;;;;;;;;31096
344;Recife (Lamepe/Itep);jun/2012;18.0;0.0;0.0;41.0;1.0;0.0;151.0;0.0;0.0;0.0;44.0;41.0;100.0;1160.0;6.0;0.0;0.0;124.0;120.0;131.0;22.0;8.0;0.0;0.0;207.0;79.0;1.0;712.0;30.0;0.0;;16116
378;Recife (Santo Amaro);jun/2012;0.0;20.0;46.0;0.0;0.0;0.0;193.0;0.0;0.0;0.0;0.0;132.0;22.0;1134.0;53.0;115.0;0.0;51.0;255.0;84.0;84.0;18.0;0.0;0.0;161.0;154.0;0.0;574.0;87.0;4.0;;19988
30;Recife (Várzea);jun/2012;14.0;12.0;26.0;35.0;0.0;0.0;120.0;0.0;0.0;0.0;52.0;50.0;28.0;1218.0;10.0;10.0;0.0;113.0;118.0;112.0;13.0;20.0;36.0;1.0;274.0;66.0;0.0;588.0;38.0;2.0;;136579
480;Recife - PCD;jun/2012;3.0;28.0;15.0;5.0;0.0;0.0;158.0;0.0;15.0;0.0;20.0;50.0;28.0;1043.0;8.0;10.0;0.0;38.0;108.0;170.0;35.0;13.0;5.0;0.0;223.0;45.0;0.0;653.0;55.0;0.0;;14188
265;Recife (Alto da Brasileira);jul/2012;0.0;809.0;90.0;21.0;0.0;100.0;18.0;0.0;10.0;65.0;48.0;57.0;365.0;155.0;268.0;38.0;245.0;150.0;28.0;0.0;17.0;186.0;112.0;0.0;36.0;76.0;122.0;48.0;6.0;47.0;0.0;115113
196;Recife (Codecipe / Santo Amaro);jul/2012;;;;;;;;;;;;;;;;;;;;;;;;;;;;;;;;31096
344;Recife (Lamepe/Itep);jul/2012;0.0;844.0;99.0;0.0;0.0;0.0;0.0;10.0;40.0;154.0;130.0;25.0;390.0;100.0;100.0;0.0;0.0;283.0;0.0;0.0;30.0;11.0;0.0;0.0;0.0;0.0;179.0;45.0;0.0;48.0;33.0;16116
378;Recife (Santo Amaro);jul/2012;0.0;987.0;82.0;10.0;0.0;12.0;18.0;0.0;21.0;70.0;40.0;16.0;342.0;237.0;65.0;19.0;45.0;112.0;0.0;0.0;31.0;8.0;33.0;0.0;24.0;0.0;29.0;77.0;0.0;38.0;17.0;19988
30;Recife (Várzea);jul/2012;6.0;886.0;50.0;10.0;4.0;0.0;0.0;14.0;35.0;196.0;140.0;20.0;318.0;48.0;222.0;0.0;30.0;296.0;2.0;0.0;28.0;4.0;0.0;0.0;4.0;10.0;150.0;50.0;0.0;64.0;18.0;136579
480;Recife - PCD;jul/2012;3.0;915.0;123.0;5.0;0.0;0.0;0.0;8.0;3.0;95.0;130.0;18.0;405.0;123.0;113.0;0.0;10.0;83.0;3.0;0.0;33.0;3.0;3.0;0.0;55.0;0.0;105.0;15.0;5.0;45.0;0.0;14188
265;Recife (Alto da Brasileira);ago/2012;0.0;42.0;64.0;38.0;156.0;0.0;3.0;0.0;98.0;76.0;149.0;62.0;35.0;19.0;32.0;86.0;33.0;225.0;64.0;0.0;19.0;0.0;75.0;24.0;6.0;38.0;159.0;26.0;41.0;0.0;0.0;115113
196;Recife (Codecipe / Santo Amaro);ago/2012;;;;;;;;;;;;;;;;;;;;;;;;;;;;;;;;31096
344;Recife (Lamepe/Itep);ago/2012;27.0;40.0;201.0;130.0;0.0;0.0;0.0;0.0;14.0;80.0;70.0;0.0;28.0;29.0;53.0;8.0;12.0;400.0;105.0;142.0;80.0;32.0;44.0;15.0;14.0;150.0;10.0;36.0;0.0;0.0;0.0;16116
378;Recife (Santo Amaro);ago/2012;17.0;6.0;106.0;32.0;0.0;0.0;12.0;0.0;157.0;48.0;41.0;0.0;12.0;0.0;16.0;0.0;0.0;13.0;35.0;47.0;37.0;5.0;0.0;29.0;59.0;92.0;43.0;42.0;0.0;0.0;0.0;19988
30;Recife (Várzea);ago/2012;57.0;64.0;100.0;164.0;2.0;0.0;0.0;0.0;8.0;100.0;78.0;10.0;20.0;0.0;104.0;20.0;8.0;486.0;76.0;147.0;78.0;16.0;38.0;22.0;8.0;104.0;4.0;19.0;0.0;0.0;0.0;136579
480;Recife - PCD;ago/2012;8.0;45.0;50.0;;0.0;0.0;3.0;0.0;28.0;63.0;33.0;8.0;15.0;5.0;70.0;8.0;0.0;415.0;85.0;120.0;108.0;18.0;88.0;8.0;0.0;123.0;13.0;13.0;0.0;0.0;0.0;14188
265;Recife (Alto da Brasileira);set/2012;0.0;0.0;0.0;0.0;2.0;14.0;0.0;0.0;0.0;3.0;0.0;0.0;0.0;0.0;0.0;45.0;0.0;0.0;0.0;0.0;0.0;0.0;0.0;0.0;0.0;26.0;0.0;0.0;0.0;0.0;;115113
196;Recife (Codecipe / Santo Amaro);set/2012;;;;;;;;;;;;;;;;;;;;;;;;;;;;;;;;31096
344;Recife (Lamepe/Itep);set/2012;0.0;0.0;30.0;;10.0;81.0;0.0;0.0;0.0;4.0;0.0;0.0;0.0;0.0;0.0;0.0;0.0;0.0;0.0;10.0;0.0;0.0;0.0;0.0;0.0;26.0;0.0;0.0;0.0;0.0;;16116
378;Recife (Santo Amaro);set/2012;0.0;0.0;0.0;0.0;7.0;6.0;17.0;0.0;0.0;0.0;0.0;0.0;0.0;0.0;40.0;0.0;0.0;0.0;0.0;0.0;0.0;0.0;0.0;0.0;0.0;0.0;0.0;0.0;0.0;0.0;;19988
30;Recife (Várzea);set/2012;0.0;0.0;30.0;0.0;15.0;34.0;0.0;3.0;0.0;8.0;0.0;0.0;0.0;0.0;0.0;77.0;0.0;0.0;0.0;0.0;0.0;0.0;0.0;0.0;0.0;24.0;0.0;10.0;0.0;0.0;;136579
480;Recife - PCD;set/2012;0.0;0.0;0.0;0.0;5.0;8.0;0.0;13.0;8.0;3.0;0.0;3.0;0.0;0.0;0.0;35.0;3.0;0.0;0.0;0.0;0.0;0.0;0.0;0.0;3.0;0.0;0.0;0.0;0.0;0.0;;14188
265;Recife (Alto da Brasileira);out/2012;0.0;0.0;0.0;5.0;0.0;0.0;0.0;0.0;0.0;0.0;198.0;50.0;26.0;56.0;0.0;27.0;0.0;2.0;4.0;5.0;0.0;21.0;0.0;0.0;0.0;0.0;0.0;0.0;0.0;0.0;0.0;115113
196;Recife (Codecipe / Santo Amaro);out/2012;;;;;;;;;;;;;;;;;;;;;;;;;;;;;;;;31096
344;Recife (Lamepe/Itep);out/2012;0.0;0.0;0.0;13.0;0.0;0.0;0.0;43.0;0.0;0.0;420.0;53.0;0.0;0.0;0.0;0.0;0.0;0.0;9.0;;;5.0;;0.0;0.0;0.0;0.0;0.0;0.0;;0.0;16116
378;Recife (Santo Amaro);out/2012;0.0;0.0;0.0;0.0;0.0;0.0;40.0;0.0;0.0;0.0;208.0;24.0;0.0;0.0;0.0;0.0;38.0;0.0;0.0;0.0;13.0;0.0;31.0;0.0;0.0;0.0;0.0;0.0;0.0;0.0;0.0;19988
30;Recife (Várzea);out/2012;0.0;0.0;0.0;20.0;0.0;4.0;10.0;10.0;0.0;0.0;336.0;84.0;12.0;14.0;12.0;0.0;0.0;0.0;9.0;2.0;0.0;10.0;0.0;0.0;0.0;0.0;0.0;16.0;0.0;;0.0;136579
480;Recife - PCD;out/2012;0.0;0.0;3.0;5.0;3.0;3.0;3.0;0.0;0.0;0.0;323.0;30.0;40.0;8.0;0.0;0.0;0.0;0.0;13.0;0.0;0.0;5.0;0.0;0.0;0.0;;0.0;3.0;0.0;0.0;0.0;14188
265;Recife (Alto da Brasileira);nov/2012;0.0;0.0;0.0;0.0;0.0;0.0;0.0;0.0;51.0;12.0;0.0;0.0;0.0;0.0;0.0;0.0;0.0;0.0;24.0;0.0;0.0;0.0;0.0;0.0;0.0;0.0;0.0;0.0;17.0;0.0;;115113
196;Recife (Codecipe / Santo Amaro);nov/2012;;;;;;;;;;;;;;;;;;;;;;;;;;;;;;;;31096
344;Recife (Lamepe/Itep);nov/2012;0.0;0.0;0.0;0.0;0.0;0.0;0.0;26.0;33.0;0.0;0.0;0.0;13.0;0.0;0.0;0.0;0.0;0.0;15.0;1.0;0.0;0.0;0.0;0.0;0.0;0.0;0.0;0.0;0.0;0.0;;16116
378;Recife (Santo Amaro);nov/2012;0.0;0.0;0.0;0.0;0.0;0.0;0.0;18.0;12.0;0.0;0.0;0.0;0.0;0.0;0.0;0.0;0.0;0.0;0.0;0.0;0.0;0.0;0.0;0.0;0.0;0.0;0.0;0.0;0.0;0.0;;19988
30;Recife (Várzea);nov/2012;0.0;0.0;0.0;0.0;0.0;0.0;0.0;28.0;34.0;0.0;0.0;7.0;20.0;0.0;0.0;0.0;0.0;0.0;10.0;0.0;0.0;0.0;0.0;0.0;0.0;0.0;0.0;0.0;0.0;0.0;;136579
480;Recife - PCD;nov/2012;0.0;3.0;0.0;0.0;0.0;0.0;0.0;15.0;30.0;0.0;0.0;3.0;0.0;0.0;0.0;0.0;0.0;0.0;3.0;0.0;0.0;0.0;0.0;0.0;0.0;0.0;0.0;0.0;0.0;0.0;;14188
265;Recife (Alto da Brasileira);dez/2012;0.0;72.0;26.0;9.0;15.0;0.0;6.0;0.0;0.0;0.0;0.0;0.0;0.0;0.0;0.0;0.0;166.0;0.0;0.0;0.0;0.0;0.0;0.0;0.0;0.0;0.0;0.0;0.0;0.0;0.0;0.0;115113
196;Recife (Codecipe / Santo Amaro);dez/2012;;;;;;;;;;;;;;;;;;;;;;;;;;;;;;;;31096
344;Recife (Lamepe/Itep);dez/2012;0.0;0.0;31.0;0.0;3.0;0.0;2.0;12.0;0.0;0.0;0.0;0.0;0.0;9.0;0.0;10.0;82.0;12.0;0.0;0.0;0.0;0.0;0.0;0.0;0.0;0.0;0.0;0.0;;;;16116
378;Recife (Santo Amaro);dez/2012;;12.0;39.0;0.0;0.0;0.0;112.0;0.0;0.0;0.0;0.0;0.0;0.0;0.0;0.0;54.0;0.0;11.0;0.0;0.0;0.0;0.0;0.0;0.0;0.0;0.0;0.0;0.0;0.0;0.0;0.0;19988
30;Recife (Várzea);dez/2012;0.0;34.0;6.0;0.0;9.0;0.0;0.0;42.0;0.0;0.0;0.0;0.0;0.0;4.0;8.0;20.0;70.0;8.0;0.0;0.0;0.0;0.0;0.0;0.0;0.0;0.0;0.0;0.0;0.0;12.0;38.0;136579
480;Recife - PCD;dez/2012;0.0;23.0;38.0;0.0;8.0;0.0;0.0;25.0;0.0;0.0;0.0;0.0;0.0;0.0;0.0;3.0;103.0;0.0;0.0;0.0;0.0;0.0;0.0;10.0;0.0;0.0;0.0;0.0;0.0;0.0;3.0;14188
265;Recife (Alto da Brasileira);jan/2013;0.0;10.0;210.0;487.0;280.0;0.0;0.0;0.0;0.0;0.0;0.0;0.0;3.0;250.0;0.0;0.0;0.0;0.0;0.0;0.0;0.0;0.0;0.0;0.0;0.0;0.0;0.0;0.0;0.0;0.0;0.0;115113
196;Recife (Codecipe / Santo Amaro);jan/2013;;;;;;;;;;;;;;;;;;;;;;;;;;;;;;;;31096
344;Recife (Lamepe/Itep);jan/2013;;;;370.0;;;;0.0;;0.0;0.0;;;;;;;;;;;2.0;2.0;2.0;0.0;0.0;0.0;0.0;0.0;0.0;0.0;16116
378;Recife (Santo Amaro);jan/2013;20.0;153.0;50.0;120.0;0.0;0.0;0.0;0.0;0.0;0.0;0.0;15.0;158.0;21.0;0.0;0.0;0.0;1.0;0.0;0.0;0.0;0.0;0.0;0.0;0.0;0.0;0.0;0.0;0.0;0.0;0.0;19988
30;Recife (Várzea);jan/2013;52.0;42.0;292.0;382.0;15.0;0.0;0.0;0.0;29.0;0.0;0.0;5.0;76.0;45.0;4.0;10.0;0.0;3.0;0.0;0.0;0.0;0.0;2.0;0.0;0.0;0.0;0.0;0.0;0.0;0.0;0.0;136579
480;Recife - PCD;jan/2013;90.0;18.0;173.0;290.0;18.0;3.0;0.0;0.0;35.0;0.0;0.0;;;;;;;;;;;;;;;;;;;;;14188
265;Recife (Alto da Brasileira);fev/2013;0.0;0.0;0.0;0.0;0.0;0.0;0.0;8.0;0.0;17.0;14.0;0.0;0.0;0.0;0.0;0.0;0.0;262.0;50.0;0.0;0.0;0.0;0.0;0.0;0.0;;;0.0;;;;115113
196;Recife (Codecipe / Santo Amaro);fev/2013;;;;;;;;;;;;;;;;;;;;;;;;;;;;;;;;31096
344;Recife (Lamepe/Itep);fev/2013;;;;;;;;;;;;;;;;;;;;;;;;;;;;;;;;16116
378;Recife (Santo Amaro);fev/2013;0.0;1.0;0.0;0.0;0.0;0.0;;0.0;0.0;15.0;0.0;0.0;0.0;0.0;0.0;0.0;0.0;88.0;0.0;0.0;0.0;0.0;0.0;14.0;0.0;0.0;0.0;0.0;;;;19988
30;Recife (Várzea);fev/2013;0.0;;;10.0;33.0;0.0;0.0;67.0;0.0;0.0;0.0;0.0;0.0;2.0;2.0;0.0;0.0;170.0;42.0;0.0;3.0;80.0;2.0;9.0;18.0;0.0;0.0;0.0;;;;136579
480;Recife - PCD;fev/2013;;;;;;;;;;;;;;;;;;;;;;;;;;;;;;;;14188
265;Recife (Alto da Brasileira);mar/2013;0.0;0.0;0.0;112.0;170.0;0.0;0.0;0.0;0.0;0.0;0.0;0.0;0.0;0.0;0.0;0.0;0.0;48.0;10.0;310.0;0.0;0.0;0.0;0.0;0.0;0.0;0.0;0.0;0.0;0.0;0.0;115113
196;Recife (Codecipe / Santo Amaro);mar/2013;;;;;;;;;;;;;;;;;;;;;;;;;;;;;;;;31096
344;Recife (Lamepe/Itep);mar/2013;;;;;;;;;;;;;;;;;;;;;;;;;;;;;;;;16116
378;Recife (Santo Amaro);mar/2013;0.0;2.0;0.0;523.0;18.0;0.0;0.0;0.0;18.0;0.0;0.0;0.0;0.0;49.0;0.0;0.0;43.0;0.0;49.0;0.0;0.0;0.0;0.0;0.0;0.0;0.0;0.0;0.0;0.0;0.0;0.0;19988
30;Recife (Várzea);mar/2013;0.0;10.0;2.0;344.0;132.0;10.0;0.0;0.0;6.0;12.0;0.0;0.0;0.0;208.0;80.0;2.0;4.0;80.0;96.0;0.0;0.0;0.0;0.0;0.0;0.0;0.0;0.0;0.0;0.0;0.0;0.0;136579
480;Recife - PCD;mar/2013;;;;;;;;;;;;;;;;;;;;;;;;;;;;;;;;14188
265;Recife (Alto da Brasileira);abr/2013;0.0;0.0;18.0;0.0;0.0;0.0;0.0;0.0;0.0;0.0;0.0;0.0;0.0;0.0;0.0;0.0;0.0;0.0;1.0;26.0;;;;;;;;;;;;115113
196;Recife (Codecipe / Santo Amaro);abr/2013;;;;;;;;;;;;;;;;;;;;;;;;;;;;;;;;31096
344;Recife (Lamepe/Itep);abr/2013;;;;;;;;;;;;;;;;;;;;;;;;;;;;;;;;16116
378;Recife (Santo Amaro);abr/2013;0.0;8.0;43.0;0.0;0.0;0.0;0.0;0.0;0.0;0.0;0.0;0.0;0.0;207.0;0.0;0.0;0.0;0.0;5.0;249.0;69.0;169.0;0.0;215.0;237.0;0.0;142.0;474.0;300.0;411.0;;19988
30;Recife (Várzea);abr/2013;0.0;48.0;54.0;0.0;0.0;0.0;0.0;0.0;0.0;0.0;10.0;0.0;30.0;8.0;0.0;0.0;0.0;0.0;44.0;378.0;4.0;240.0;4.0;500.0;64.0;17.0;35.0;85.0;314.0;401.0;;136579
480;Recife - PCD;abr/2013;;;;;;;;;;;;;;;;;;;;;;;;;;;;;;;;14188
265;Recife (Alto da Brasileira);mai/2013;;;;;;;;;;;;;;;;;670.0;418.0;61.0;0.0;0.0;0.0;0.0;230.0;174.0;0.0;174.0;120.0;54.0;110.0;14.0;115113
196;Recife (Codecipe / Santo Amaro);mai/2013;;;;;;;;;;;;;;;;;;;;;;;;;;;;;;;;31096
344;Recife (Lamepe/Itep);mai/2013;;;;;;;;;;;;;;;;;;;;;;;;;;;;;;;;16116
378;Recife (Santo Amaro);mai/2013;82.0;20.0;0.0;0.0;14.0;0.0;0.0;0.0;0.0;0.0;268.0;35.0;7.0;13.0;0.0;97.0;765.0;10.0;12.0;0.0;47.0;0.0;0.0;83.0;308.0;0.0;229.0;223.0;0.0;0.0;7.0;19988
30;Recife (Várzea);mai/2013;108.0;104.0;6.0;0.0;0.0;28.0;2.0;0.0;0.0;36.0;214.0;0.0;3.0;78.0;18.0;62.0;1198.0;238.0;40.0;2.0;16.0;2.0;0.0;106.0;276.0;6.0;163.0;276.0;53.0;92.0;50.0;136579
480;Recife - PCD;mai/2013;;;;;;;;;;;;;;;;;;;;;;;;;;;;;;;;14188
265;Recife (Alto da Brasileira);jun/2013;5.0;135.0;6.0;0.0;300.0;213.0;0.0;119.0;628.0;51.0;15.0;345.0;448.0;562.0;82.0;0.0;46.0;0.0;100.0;127.0;34.0;538.0;18.0;0.0;0.0;42.0;70.0;117.0;4.0;0.0;;115113
196;Recife (Codecipe / Santo Amaro);jun/2013;;;;;;;;;;;;;;;;;;;;;;;;;;;;;;;;31096
344;Recife (Lamepe/Itep);jun/2013;;;;;;;;;;;;;;;;;;;;;;;;;;;;;;;;16116
378;Recife (Santo Amaro);jun/2013;21.0;0.0;0.0;57.0;628.0;126.0;0.0;667.0;672.0;20.0;;;;;;;;;;;;;;;;;;;;;;19988
30;Recife (Várzea);jun/2013;28.0;284.0;0.0;44.0;553.0;45.0;300.0;256.0;483.0;70.0;4.0;424.0;381.0;654.0;2.0;0.0;259.0;0.0;154.0;40.0;114.0;590.0;0.0;0.0;0.0;39.0;99.0;91.0;33.0;0.0;;136579
480;Recife - PCD;jun/2013;;;;;;;;;;;;;;;;;;;;;;;;;;;;;;;;14188
265;Recife (Alto da Brasileira);jul/2013;0.0;288.0;460.0;498.0;350.0;280.0;65.0;0.0;37.0;36.0;51.0;378.0;306.0;315.0;236.0;0.0;0.0;307.0;250.0;26.0;63.0;224.0;200.0;2.0;38.0;121.0;125.0;0.0;0.0;0.0;113.0;115113
196;Recife (Codecipe / Santo Amaro);jul/2013;;;;;;;;;;;;;;;;;;;;;;;;;;;;;;;;31096
344;Recife (Lamepe/Itep);jul/2013;;;;;;;;;;;;;;;;;;;;;;;;;;;;;;;;16116
378;Recife (Santo Amaro);jul/2013;;;;;;;;;;;;;;;;;;;;;;;;;;;;;;;;19988
30;Recife (Várzea);jul/2013;10.0;272.0;554.0;228.0;40.0;112.0;14.0;70.0;36.0;114.0;166.0;320.0;210.0;286.0;250.0;0.0;24.0;268.0;142.0;22.0;178.0;130.0;62.0;0.0;125.0;266.0;17.0;;92.0;6.0;138.0;136579
480;Recife - PCD;jul/2013;;;;;;;;;;;;;;;;;;;;;;;;;;;;;;;;14188
265;Recife (Alto da Brasileira);ago/2013;0.0;24.0;0.0;0.0;0.0;0.0;0.0;70.0;71.0;0.0;0.0;52.0;0.0;280.0;380.0;0.0;0.0;51.0;62.0;410.0;28.0;0.0;86.0;0.0;0.0;47.0;21.0;100.0;0.0;200.0;82.0;115113
196;Recife (Codecipe / Santo Amaro);ago/2013;;;;;;;;;;;;;;;;;;;;;;;;;;;;;;;;31096
344;Recife (Lamepe/Itep);ago/2013;;;;;;;;;;;;;;;;;;;;;;;;;;;;;;;;16116
378;Recife (Santo Amaro);ago/2013;;;;;;;;;;;;;;;;;;;;;;;;;;;;;;;;19988
30;Recife (Várzea);ago/2013;45.0;5.0;0.0;12.0;10.0;2.0;6.0;16.0;76.0;64.0;4.0;2.0;70.0;550.0;114.0;6.0;10.0;518.0;214.0;93.0;74.0;80.0;2.0;16.0;2.0;2.0;61.0;0.0;0.0;154.0;32.0;136579
480;Recife - PCD;ago/2013;;;;;;;;;;;;;;;;;;;;;;;;;;;;;;;;14188
265;Recife (Alto da Brasileira);set/2013;13.0;0.0;64.0;168.0;270.0;0.0;10.0;32.0;140.0;162.0;405.0;0.0;110.0;60.0;0.0;14.0;0.0;68.0;0.0;0.0;21.0;51.0;19.0;0.0;0.0;0.0;0.0;0.0;0.0;6.0;;115113
196;Recife (Codecipe / Santo Amaro);set/2013;;;;;;;;;;;;;;;;;;;;;;;;;;;;;;;;31096
344;Recife (Lamepe/Itep);set/2013;;;;;;;;;;;;;;;;;;;;;;;;;;;;;;;;16116
378;Recife (Santo Amaro);set/2013;;;;;;;;;;;;;;;;;;;;;;;;;;;;;;;;19988
30;Recife (Várzea);set/2013;30.0;108.0;44.0;270.0;2.0;4.0;70.0;44.0;142.0;302.0;18.0;62.0;143.0;20.0;14.0;50.0;0.0;24.0;0.0;0.0;0.0;22.0;33.0;0.0;0.0;0.0;0.0;8.0;0.0;50.0;;136579
480;Recife - PCD;set/2013;;;;;;;;;;;;;;;;;;;;;;;;;;;;;;;;14188
265;Recife (Alto da Brasileira);out/2013;100.0;0.0;5.0;0.0;0.0;0.0;0.0;0.0;50.0;0.0;0.0;0.0;0.0;42.0;25.0;0.0;16.0;0.0;10.0;0.0;0.0;0.0;0.0;0.0;75.0;78.0;149.0;10.0;0.0;0.0;0.0;115113
196;Recife (Codecipe / Santo Amaro);out/2013;;;;;;;;;;;;;;;;;;;;;;;;;;;;;;;;31096
344;Recife (Lamepe/Itep);out/2013;;;;;;;;;;;;;;;;;;;;;;;;;;;;;;;;16116
378;Recife (Santo Amaro);out/2013;;;;;;;;;;;;;;;;;;;;;;;;;;;;;;;;19988
30;Recife (Várzea);out/2013;46.0;4.0;35.0;0.0;5.0;0.0;0.0;0.0;113.0;0.0;4.0;139.0;2.0;32.0;106.0;104.0;36.0;0.0;2.0;0.0;20.0;0.0;0.0;262.0;30.0;8.0;315.0;10.0;0.0;12.0;0.0;136579
480;Recife - PCD;out/2013;;;;;;;;;;;;;;;;;;;;;;;;;;;;;;;;14188
265;Recife (Alto da Brasileira);nov/2013;0.0;370.0;41.0;66.0;0.0;0.0;2.0;5.0;0.0;0.0;25.0;0.0;0.0;0.0;0.0;0.0;0.0;55.0;0.0;0.0;109.0;0.0;0.0;0.0;0.0;0.0;0.0;0.0;0.0;0.0;;115113
196;Recife (Codecipe / Santo Amaro);nov/2013;;;;;;;;;;;;;;;;;;;;;;;;;;;;;;;;31096
344;Recife (Lamepe/Itep);nov/2013;;;;;;;;;;;;;;;;;;;;;;;;;;;;;;;;16116
378;Recife (Santo Amaro);nov/2013;;;;;;;;;;;;;;;;;;;;;;;;;;;;;;;;19988
30;Recife (Várzea);nov/2013;0.0;275.0;16.0;106.0;0.0;0.0;12.0;0.0;0.0;10.0;0.0;0.0;0.0;8.0;0.0;0.0;0.0;26.0;0.0;0.0;280.0;4.0;0.0;8.0;0.0;0.0;0.0;0.0;0.0;20.0;;136579
480;Recife - PCD;nov/2013;;;;;;;;;;;;;;;;;;;;;;;;;;;;;;;;14188
265;Recife (Alto da Brasileira);dez/2013;0.0;197.0;0.0;0.0;0.0;0.0;0.0;0.0;0.0;0.0;0.0;0.0;0.0;0.0;0.0;0.0;0.0;0.0;695.0;630.0;0.0;26.0;36.0;0.0;0.0;0.0;0.0;0.0;0.0;0.0;0.0;115113
196;Recife (Codecipe / Santo Amaro);dez/2013;;;;;;;;;;;;;;;;;;;;;;;;;;;;;;;;31096
344;Recife (Lamepe/Itep);dez/2013;;;;;;;;;;;;;;;;;;;;;;;;;;;;;;;;16116
378;Recife (Santo Amaro);dez/2013;;;;;;;;;;;;;;;;;;;;;;;;;;;;;;;;19988
30;Recife (Várzea);dez/2013;40.0;20.0;0.0;0.0;0.0;0.0;0.0;0.0;0.0;0.0;0.0;0.0;0.0;0.0;0.0;0.0;0.0;20.0;1131.0;422.0;0.0;44.0;36.0;10.0;0.0;0.0;0.0;0.0;0.0;0.0;48.0;136579
480;Recife - PCD;dez/2013;;;;;;;;;;;;;;;;;;;;;;;;;;;;;;;;14188
265;Recife (Alto da Brasileira);jan/2014;0.0;176.0;0.0;0.0;0.0;331.0;0.0;0.0;0.0;538.0;0.0;130.0;45.0;0.0;40.0;42.0;0.0;0.0;0.0;54.0;0.0;0.0;0.0;0.0;0.0;110.0;42.0;7.0;85.0;15.0;0.0;115113
196;Recife (Codecipe / Santo Amaro);jan/2014;;;;;;;;;;;;;;;;;;;;;;;;;;;;;;;;31096
344;Recife (Lamepe/Itep);jan/2014;;;;;;;;;;;;;;;;;;;;;;;;;;;;;;;;16116
378;Recife (Santo Amaro);jan/2014;;;;;;;;;;;;;;;;;;;;;;;;;;;;;;;;19988
30;Recife (Várzea);jan/2014;0.0;0.0;0.0;0.0;0.0;139.0;0.0;0.0;10.0;316.0;0.0;183.0;51.0;0.0;68.0;0.0;0.0;72.0;20.0;0.0;0.0;0.0;0.0;0.0;0.0;80.0;56.0;0.0;6.0;62.0;0.0;136579
480;Recife - PCD;jan/2014;;;;;;;;;;;;;;;;;;;;;;;;;;;;;;;;14188
265;Recife (Alto da Brasileira);fev/2014;0.0;0.0;41.0;97.0;0.0;95.0;36.0;137.0;87.0;175.0;87.0;35.0;0.0;12.0;76.0;0.0;0.0;111.0;0.0;0.0;0.0;5.0;0.0;3.0;0.0;0.0;0.0;0.0;;;;115113
196;Recife (Codecipe / Santo Amaro);fev/2014;;;;;;;;;;;;;;;;;;;;;;;;;;;;;;;;31096
344;Recife (Lamepe/Itep);fev/2014;;;;;;;;;;;;;;;;;;;;;;;;;;;;;;;;16116
378;Recife (Santo Amaro);fev/2014;;;;;;;;;;;;;;;;;;;;;;;;;;;;;;;;19988
30;Recife (Várzea);fev/2014;0.0;60.0;116.0;8.0;0.0;90.0;350.0;130.0;243.0;124.0;4.0;2.0;30.0;166.0;0.0;0.0;0.0;0.0;0.0;125.0;4.0;51.0;6.0;0.0;0.0;0.0;0.0;0.0;;;;136579
480;Recife - PCD;fev/2014;;;;;;;;;;;;;;;;;;;;;;;;;;;;;;;;14188
265;Recife (Alto da Brasileira);mar/2014;159.0;0.0;0.0;0.0;0.0;0.0;0.0;0.0;80.0;0.0;80.0;146.0;52.0;0.0;3.0;0.0;221.0;18.0;114.0;340.0;0.0;0.0;28.0;36.0;0.0;5.0;0.0;0.0;0.0;8.0;16.0;115113
196;Recife (Codecipe / Santo Amaro);mar/2014;;;;;;;;;;;;;;;;;;;;;;;;;;;;;;;;31096
344;Recife (Lamepe/Itep);mar/2014;;;;;;;;;;;;;;;;;;;;;;;;;;;;;;;;16116
378;Recife (Santo Amaro);mar/2014;;;;;;;;;;;;;;;;;;;;;;;;;;;;;;;;19988
30;Recife (Várzea);mar/2014;330.0;0.0;0.0;0.0;4.0;432.0;0.0;0.0;30.0;12.0;50.0;57.0;492.0;67.0;10.0;0.0;370.0;6.0;90.0;430.0;4.0;4.0;22.0;0.0;0.0;34.0;0.0;52.0;10.0;10.0;0.0;136579
480;Recife - PCD;mar/2014;;;;;;;;;;;;;;;;;;;;;;;;;;;;;;;;14188
265;Recife (Alto da Brasileira);abr/2014;0.0;8.0;0.0;26.0;0.0;119.0;315.0;0.0;7.0;4.0;29.0;12.0;147.0;0.0;31.0;7.0;61.0;0.0;0.0;0.0;0.0;192.0;135.0;0.0;0.0;0.0;0.0;0.0;145.0;863.0;;115113
196;Recife (Codecipe / Santo Amaro);abr/2014;;;;;;;842.0;;;;;;;;;;;;;;;;;;;;;;;;;31096
344;Recife (Lamepe/Itep);abr/2014;;;;;;;;;;;;;;;;;;;;;;;;;;;;;;;;16116
378;Recife (Santo Amaro);abr/2014;;;;;;;;;;;;;;;;;;;;;;;;;;;;;;;;19988
30;Recife (Várzea);abr/2014;25.0;50.0;2.0;130.0;158.0;80.0;713.0;0.0;0.0;74.0;80.0;32.0;54.0;140.0;32.0;0.0;14.0;4.0;0.0;0.0;0.0;1000.0;14.0;0.0;0.0;0.0;0.0;0.0;314.0;478.0;;136579
480;Recife - PCD;abr/2014;;;;;;;;;;;;;;;;;;;;;;;;;;;;;;;;14188
265;Recife (Alto da Brasileira);mai/2014;162.0;54.0;420.0;4.0;96.0;68.0;250.0;21.0;0.0;6.0;0.0;0.0;65.0;244.0;65.0;46.0;21.0;0.0;26.0;0.0;40.0;127.0;0.0;76.0;0.0;0.0;0.0;180.0;850.0;3.0;0.0;115113
196;Recife (Codecipe / Santo Amaro);mai/2014;;;;;;;;;;;;;;;;;;;;;;;;;;;;;;;;31096
344;Recife (Lamepe/Itep);mai/2014;;;;;;;;;;;;;;;;;;;;;;;;;;;;;;;;16116
378;Recife (Santo Amaro);mai/2014;;;;;;;;;;;;;;;;;;;;;;;;;;;;;;;;19988
30;Recife (Várzea);mai/2014;241.0;188.0;353.0;7.0;120.0;137.0;279.0;144.0;71.0;0.0;0.0;6.0;144.0;360.0;74.0;10.0;38.0;12.0;40.0;10.0;100.0;84.0;75.0;0.0;0.0;0.0;18.0;220.0;394.0;0.0;0.0;136579
480;Recife - PCD;mai/2014;;;;;;;;;;;;;;;;;;;;;;;;;;;;;;;;14188
265;Recife (Alto da Brasileira);jun/2014;98.0;5.0;6.0;0.0;0.0;202.0;22.0;20.0;0.0;80.0;0.0;112.0;30.0;197.0;280.0;0.0;0.0;36.0;120.0;0.0;0.0;0.0;23.0;447.0;85.0;197.0;889.0;6.0;241.0;6.0;;115113
196;Recife (Codecipe / Santo Amaro);jun/2014;;;;;;;;;;;;;;;;;;;;;;;;;;;;;;;;31096
344;Recife (Lamepe/Itep);jun/2014;;;;;;;;;;;;;;;;;;;;;;;;;;;;;;;;16116
378;Recife (Santo Amaro);jun/2014;;;;;;;;;;;;;;;;;;;;;;;;;;;;;;;;19988
30;Recife (Várzea);jun/2014;10.0;0.0;0.0;0.0;0.0;337.0;66.0;26.0;0.0;28.0;2.0;54.0;126.0;111.0;302.0;15.0;0.0;0.0;40.0;0.0;2.0;29.0;22.0;308.0;183.0;850.0;358.0;18.0;290.0;22.0;;136579
480;Recife - PCD;jun/2014;;;;;;;;;;;;;;;;;;;;;;;;;;;;;;;;14188
265;Recife (Alto da Brasileira);jul/2014;0.0;12.0;80.0;0.0;0.0;4.0;35.0;76.0;0.0;16.0;0.0;0.0;720.0;200.0;0.0;0.0;0.0;68.0;92.0;0.0;0.0;14.0;10.0;263.0;0.0;20.0;0.0;148.0;41.0;50.0;3.0;115113
196;Recife (Codecipe / Santo Amaro);jul/2014;;;;;;;;;;;;;;;;;;;;;;;;;;;;;;;;31096
344;Recife (Lamepe/Itep);jul/2014;;;;;;;;;;;;;;;;;;;;;;;;;;;;;;;;16116
378;Recife (Santo Amaro);jul/2014;;;;;;;;;;;;;;;;;;;;;;;;;;;;;;;;19988
30;Recife (Várzea);jul/2014;0.0;12.0;114.0;0.0;4.0;90.0;5.0;87.0;54.0;12.0;30.0;0.0;1064.0;110.0;3.0;92.0;6.0;124.0;164.0;2.0;0.0;16.0;30.0;260.0;90.0;105.0;0.0;239.0;50.0;11.0;10.0;136579
480;Recife - PCD;jul/2014;;;;;;;;;;;;;;;;;;;;;;;;;;;;;;;;14188
265;Recife (Alto da Brasileira);ago/2014;57.0;0.0;6.0;20.0;0.0;0.0;10.0;4.0;106.0;150.0;205.0;59.0;0.0;0.0;0.0;44.0;56.0;160.0;12.0;45.0;196.0;100.0;0.0;8.0;0.0;45.0;12.0;200.0;0.0;0.0;0.0;115113
196;Recife (Codecipe / Santo Amaro);ago/2014;;;;;;;;;;;;;;;;;;;;;;;;;;;;;;;;31096
344;Recife (Lamepe/Itep);ago/2014;;;;;;;;;;;;;;;;;;;;;;;;;;;;;;;;16116
378;Recife (Santo Amaro);ago/2014;;;;;;;;;;;;;;;;;;;;;;;;;;;;;;;;19988
30;Recife (Várzea);ago/2014;47.0;0.0;12.0;26.0;0.0;0.0;18.0;90.0;72.0;356.0;106.0;39.0;106.0;2.0;2.0;40.0;45.0;54.0;68.0;10.0;124.0;72.0;2.0;52.0;0.0;6.0;72.0;202.0;0.0;0.0;0.0;136579
480;Recife - PCD;ago/2014;;;;;;;;;;;;;;;;;;;;;;;;;;;;;;;;14188
265;Recife (Alto da Brasileira);set/2014;100.0;0.0;0.0;0.0;0.0;134.0;215.0;186.0;1150.0;196.0;55.0;148.0;800.0;296.0;10.0;38.0;0.0;0.0;0.0;0.0;63.0;0.0;0.0;0.0;0.0;0.0;0.0;0.0;0.0;0.0;;115113
196;Recife (Codecipe / Santo Amaro);set/2014;;;;;;;;;;;;;;;;;;;;;;;;;;;;;;;;31096
344;Recife (Lamepe/Itep);set/2014;;;;;;;;;;;;;;;;;;;;;;;;;;;;;;;;16116
378;Recife (Santo Amaro);set/2014;;;;;;;;;;;;;;;;;;;;;;;;;;;;;;;;19988
30;Recife (Várzea);set/2014;126.0;48.0;0.0;0.0;0.0;158.0;268.0;716.0;376.0;112.0;100.0;200.0;194.0;74.0;6.0;54.0;4.0;0.0;28.0;16.0;4.0;6.0;0.0;0.0;0.0;0.0;0.0;8.0;2.0;0.0;;136579
480;Recife - PCD;set/2014;;;;;;;;;;;;;;;;;;;;;;;;;;;;;;;;14188
265;Recife (Alto da Brasileira);out/2014;30.0;0.0;85.0;12.0;0.0;166.0;468.0;40.0;10.0;76.0;231.0;80.0;0.0;0.0;0.0;0.0;35.0;15.0;35.0;0.0;0.0;10.0;0.0;30.0;40.0;4.0;45.0;0.0;0.0;8.0;35.0;115113
196;Recife (Codecipe / Santo Amaro);out/2014;;;;;;;;;;;;;;;;;;;;;;;;;;;;;;;;31096
344;Recife (Lamepe/Itep);out/2014;;;;;;;;;;;;;;;;;;;;;;;;;;;;;;;;16116
378;Recife (Santo Amaro);out/2014;;;;;;;;;;;;;;;;;;;;;;;;;;;;;;;;19988
30;Recife (Várzea);out/2014;10.0;0.0;12.0;14.0;0.0;442.0;213.0;76.0;0.0;208.0;26.0;86.0;34.0;0.0;0.0;0.0;26.0;43.0;4.0;0.0;8.0;7.0;78.0;58.0;8.0;0.0;22.0;0.0;50.0;10.0;30.0;136579
480;Recife - PCD;out/2014;;;;;;;;;;;;;;;;;;;;;;;;;;;;;;;;14188
265;Recife (Alto da Brasileira);nov/2014;0.0;30.0;24.0;430.0;0.0;0.0;18.0;10.0;0.0;0.0;0.0;0.0;0.0;0.0;0.0;0.0;0.0;0.0;0.0;2.0;0.0;0.0;0.0;0.0;0.0;0.0;28.0;16.0;0.0;0.0;;115113
196;Recife (Codecipe / Santo Amaro);nov/2014;;;;;;;;;;;;;;;;;;;;;;;;;;;;;;;;31096
344;Recife (Lamepe/Itep);nov/2014;;;;;;;;;;;;;;;;;;;;;;;;;;;;;;;;16116
378;Recife (Santo Amaro);nov/2014;;;;;;;;;;;;;;;;;;;;;;;;;;;;;;;;19988
30;Recife (Várzea);nov/2014;37.0;6.0;2.0;186.0;0.0;0.0;28.0;0.0;0.0;0.0;0.0;30.0;0.0;0.0;6.0;0.0;0.0;0.0;0.0;0.0;0.0;46.0;68.0;0.0;0.0;0.0;80.0;33.0;34.0;4.0;;136579
480;Recife - PCD;nov/2014;;;;;;;;;;;;;;;;;;;;;;;;;;;;;;;;14188
265;Recife (Alto da Brasileira);dez/2014;0.0;65.0;85.0;50.0;0.0;0.0;0.0;0.0;0.0;210.0;0.0;35.0;0.0;0.0;112.0;0.0;64.0;0.0;68.0;0.0;0.0;0.0;0.0;0.0;0.0;0.0;0.0;52.0;0.0;0.0;0.0;115113
196;Recife (Codecipe / Santo Amaro);dez/2014;;;;;;;;;;;;;;;;;;;;;;;;;;;;;;;;31096
344;Recife (Lamepe/Itep);dez/2014;;;;;;;;;;;;;;;;;;;;;;;;;;;;;;;;16116
378;Recife (Santo Amaro);dez/2014;;;;;;;;;;;;;;;;;;;;;;;;;;;;;;;;19988
30;Recife (Várzea);dez/2014;2.0;85.0;112.0;22.0;0.0;0.0;0.0;0.0;36.0;106.0;20.0;71.0;20.0;0.0;112.0;8.0;20.0;4.0;24.0;17.0;0.0;0.0;16.0;0.0;2.0;0.0;0.0;36.0;0.0;0.0;0.0;136579
480;Recife - PCD;dez/2014;;;;;;;;;;;;;;;;;;;;;;;;;;;;;;;;14188
265;Recife (Alto da Brasileira);jan/2015;0.0;316.0;0.0;0.0;0.0;0.0;0.0;0.0;0.0;5.0;6.0;37.0;0.0;0.0;0.0;0.0;0.0;0.0;0.0;0.0;0.0;0.0;0.0;136.0;0.0;0.0;0.0;0.0;0.0;0.0;0.0;115113
196;Recife (Codecipe / Santo Amaro);jan/2015;;;;;;;;;;;;;;;;;;;;;;;;;;;;;;;;31096
344;Recife (Lamepe/Itep);jan/2015;;;;;;;;;;;;;;;;;;;;;;;;;;;;;;;;16116
378;Recife (Santo Amaro);jan/2015;;;;;;;;;;;;;;;;;;;;;;;;;;;;;;;;19988
30;Recife (Várzea);jan/2015;26.0;177.0;0.0;0.0;0.0;0.0;0.0;0.0;4.0;20.0;13.0;66.0;8.0;0.0;0.0;0.0;0.0;0.0;0.0;20.0;0.0;0.0;0.0;216.0;8.0;0.0;0.0;0.0;70.0;16.0;2.0;136579
480;Recife - PCD;jan/2015;;;;;;;;;;;;;;;;;;;;;;;;;;;;;;;;14188
265;Recife (Alto da Brasileira);fev/2015;0.0;0.0;0.0;0.0;36.0;0.0;0.0;0.0;3.0;10.0;3.0;0.0;0.0;0.0;0.0;0.0;76.0;106.0;12.0;8.0;0.0;25.0;129.0;0.0;130.0;0.0;0.0;0.0;;;;115113
196;Recife (Codecipe / Santo Amaro);fev/2015;;;;;;;;;;;;;;;;;;;;;;;;;;;;;;;;31096
344;Recife (Lamepe/Itep);fev/2015;;;;;;;;;;;;;;;;;;;;;;;;;;;;;;;;16116
378;Recife (Santo Amaro);fev/2015;;;;;;;;;;;;;;;;;;;;;;;;;;;;;;;;19988
30;Recife (Várzea);fev/2015;2.0;0.0;0.0;0.0;0.0;0.0;0.0;0.0;6.0;50.0;0.0;0.0;0.0;0.0;44.0;0.0;0.0;222.0;16.0;0.0;0.0;84.0;20.0;6.0;90.0;0.0;0.0;0.0;;;;136579
480;Recife - PCD;fev/2015;;;;;;;;;;;;;;;;;;;;;;;;;;;;;;;;14188
265;Recife (Alto da Brasileira);mar/2015;0.0;0.0;0.0;0.0;0.0;350.0;22.0;120.0;757.0;0.0;0.0;0.0;0.0;0.0;8.0;14.0;0.0;0.0;0.0;480.0;120.0;110.0;35.0;300.0;65.0;0.0;0.0;0.0;0.0;300.0;65.0;115113
196;Recife (Codecipe / Santo Amaro);mar/2015;;;;;;;;;;;;;;;;;;;;;;;;;;;;;;;;31096
344;Recife (Lamepe/Itep);mar/2015;;;;;;;;;;;;;;;;;;;;;;;;;;;;;;;;16116
378;Recife (Santo Amaro);mar/2015;;;;;;;;;;;;;;;;;;;;;;;;;;;;;;;;19988
30;Recife (Várzea);mar/2015;0.0;50.0;12.0;16.0;79.0;653.0;0.0;90.0;763.0;20.0;18.0;0.0;0.0;0.0;0.0;30.0;12.0;0.0;0.0;796.0;26.0;183.0;0.0;226.0;30.0;0.0;0.0;0.0;0.0;414.0;0.0;136579
480;Recife - PCD;mar/2015;;;;;;;;;;;;;;;;;;;;;;;;;;;;;;;;14188
265;Recife (Alto da Brasileira);abr/2015;0.0;0.0;0.0;0.0;0.0;0.0;0.0;0.0;0.0;0.0;0.0;21.0;0.0;0.0;0.0;19.0;0.0;0.0;0.0;0.0;0.0;18.0;100.0;121.0;76.0;0.0;0.0;0.0;0.0;57.0;;115113
196;Recife (Codecipe / Santo Amaro);abr/2015;;;;;;;;;;;;;;;;;;;;;;;;;;;;;;;;31096
344;Recife (Lamepe/Itep);abr/2015;;;;;;;;;;;;;;;;;;;;;;;;;;;;;;;;16116
378;Recife (Santo Amaro);abr/2015;;;;;;;;;;;;;;;;;;;;;;;;;;;;;;;;19988
30;Recife (Várzea);abr/2015;0.0;0.0;0.0;0.0;0.0;0.0;0.0;0.0;4.0;0.0;14.0;8.0;0.0;0.0;0.0;34.0;0.0;0.0;0.0;0.0;0.0;80.0;222.0;342.0;40.0;0.0;0.0;0.0;0.0;0.0;;136579
480;Recife - PCD;abr/2015;;;;;;;;;;;;;;;;;;;;;;;;;;;;;;;;14188
265;Recife (Alto da Brasileira);mai/2015;0.0;0.0;0.0;0.0;0.0;0.0;0.0;0.0;0.0;0.0;0.0;0.0;0.0;46.0;30.0;40.0;104.0;20.0;200.0;48.0;100.0;38.0;120.0;23.0;0.0;0.0;170.0;333.0;6.0;248.0;644.0;115113
196;Recife (Codecipe / Santo Amaro);mai/2015;;;;;;;;;;;;;;;;;;;;;;;;;;;;;;;;31096
344;Recife (Lamepe/Itep);mai/2015;;;;;;;;;;;;;;;;;;;;;;;;;;;;;;;;16116
378;Recife (Santo Amaro);mai/2015;;;;;;;;;;;;;;;;;;;;;;;;;;;;;;;;19988
30;Recife (Várzea);mai/2015;0.0;0.0;6.0;108.0;0.0;0.0;74.0;0.0;0.0;0.0;15.0;0.0;0.0;72.0;25.0;68.0;5.0;16.0;56.0;122.0;16.0;2.0;52.0;9.0;12.0;15.0;50.0;180.0;0.0;767.0;40.0;136579
480;Recife - PCD;mai/2015;;;;;;;;;;;;;;;;;;;;;;;;;;;;;;;;14188
265;Recife (Alto da Brasileira);jun/2015;8.0;0.0;19.0;450.0;18.0;190.0;128.0;360.0;;0.0;0.0;0.0;0.0;0.0;102.0;0.0;0.0;0.0;7.0;56.0;18.0;150.0;60.0;276.0;260.0;397.0;126.0;50.0;1190.0;52.0;;115113
196;Recife (Codecipe / Santo Amaro);jun/2015;;;;;;;;;;;;;;;;;;;;;;;;;;;;;;;;31096
344;Recife (Lamepe/Itep);jun/2015;;;;;;;;;;;;;;;;;;;;;;;;;;;;;;;;16116
378;Recife (Santo Amaro);jun/2015;;;;;;;;;;;;;;;;;;;;;;;;;;;;;;;;19988
30;Recife (Várzea);jun/2015;0.0;23.0;2.0;220.0;46.0;318.0;330.0;50.0;46.0;150.0;4.0;184.0;4.0;10.0;59.0;10.0;8.0;0.0;27.0;96.0;90.0;226.0;152.0;270.0;330.0;96.0;224.0;54.0;1393.0;72.0;;136579
480;Recife - PCD;jun/2015;;;;;;;;;;;;;;;;;;;;;;;;;;;;;;;;14188
265;Recife (Alto da Brasileira);jul/2015;120.0;61.0;240.0;689.0;596.0;0.0;0.0;42.0;0.0;0.0;21.0;59.0;54.0;53.0;130.0;136.0;400.0;53.0;50.0;18.0;200.0;32.0;350.0;368.0;80.0;92.0;200.0;126.0;670.0;32.0;10.0;115113
196;Recife (Codecipe / Santo Amaro);jul/2015;;;;;;;;;;;;;;;;;;;;;;;;;;;;;;;;31096
344;Recife (Lamepe/Itep);jul/2015;;;;;;;;;;;;;;;;;;;;;;;;;;;;;;;;16116
378;Recife (Santo Amaro);jul/2015;;;;;;;;;;;;;;;;;;;;;;;;;;;;;;;;19988
30;Recife (Várzea);jul/2015;60.0;80.0;310.0;1090.0;226.0;20.0;0.0;80.0;0.0;0.0;82.0;80.0;39.0;0.0;36.0;128.0;236.0;40.0;150.0;98.0;180.0;191.0;125.0;182.0;0.0;82.0;102.0;381.0;172.0;167.0;118.0;136579
480;Recife - PCD;jul/2015;;;;;;;;;;;;;;;;;;;;;;;;;;;;;;;;14188
265;Recife (Alto da Brasileira);ago/2015;14.0;160.0;0.0;0.0;60.0;0.0;0.0;0.0;0.0;0.0;34.0;0.0;0.0;20.0;85.0;91.0;0.0;15.0;14.0;30.0;0.0;60.0;0.0;0.0;0.0;0.0;0.0;0.0;0.0;80.0;24.0;115113
196;Recife (Codecipe / Santo Amaro);ago/2015;;;;;;;;;;;;;;;;;;;;;;;;;;;;;;;;31096
344;Recife (Lamepe/Itep);ago/2015;;;;;;;;;;;;;;;;;;;;;;;;;;;;;;;;16116
378;Recife (Santo Amaro);ago/2015;;;;;;;;;;;;;;;;;;;;;;;;;;;;;;;;19988
30;Recife (Várzea);ago/2015;95.0;146.0;1.0;0.0;50.0;12.0;0.0;4.0;122.0;2.0;93.0;61.0;76.0;50.0;90.0;120.0;0.0;0.0;16.0;12.0;124.0;20.0;0.0;0.0;0.0;0.0;0.0;0.0;0.0;56.0;16.0;136579
480;Recife - PCD;ago/2015;;;;;;;;;;;;;;;;;;;;;;;;;;;;;;;;14188
265;Recife (Alto da Brasileira);set/2015;300.0;12.0;0.0;0.0;0.0;0.0;0.0;0.0;10.0;0.0;0.0;0.0;10.0;;80.0;8.0;30.0;0.0;0.0;0.0;0.0;0.0;0.0;0.0;0.0;0.0;0.0;0.0;0.0;0.0;;115113
196;Recife (Codecipe / Santo Amaro);set/2015;;;;;;;;;;;;;;;;;;;;;;;;;;;;;;;;31096
344;Recife (Lamepe/Itep);set/2015;;;;;;;;;;;;;;;;;;;;;;;;;;;;;;;;16116
378;Recife (Santo Amaro);set/2015;;;;;;;;;;;;;;;;;;;;;;;;;;;;;;;;19988
30;Recife (Várzea);set/2015;162.0;3.0;0.0;6.0;0.0;0.0;0.0;0.0;18.0;0.0;0.0;6.0;14.0;0.0;26.0;8.0;42.0;10.0;2.0;0.0;0.0;0.0;0.0;0.0;0.0;0.0;0.0;0.0;0.0;0.0;;136579
480;Recife - PCD;set/2015;;;;;;;;;;;;;;;;;;;;;;;;;;;;;;;;14188
265;Recife (Alto da Brasileira);out/2015;0.0;0.0;0.0;0.0;0.0;0.0;0.0;0.0;0.0;0.0;0.0;0.0;0.0;110.0;65.0;0.0;0.0;32.0;0.0;0.0;0.0;0.0;0.0;0.0;0.0;0.0;0.0;0.0;0.0;0.0;0.0;115113
196;Recife (Codecipe / Santo Amaro);out/2015;;;;;;;;;;;;;;;;;;;;;;;;;;;;;;;;31096
344;Recife (Lamepe/Itep);out/2015;;;;;;;;;;;;;;;;;;;;;;;;;;;;;;;;16116
378;Recife (Santo Amaro);out/2015;;;;;;;;;;;;;;;;;;;;;;;;;;;;;;;;19988
30;Recife (Várzea);out/2015;0.0;0.0;0.0;0.0;0.0;0.0;0.0;0.0;0.0;2.0;0.0;34.0;0.0;30.0;27.0;6.0;0.0;63.0;0.0;0.0;0.0;0.0;0.0;0.0;0.0;0.0;0.0;0.0;0.0;0.0;0.0;136579
480;Recife - PCD;out/2015;;;;;;;;;;;;;;;;;;;;;;;;;;;;;;;;14188
265;Recife (Alto da Brasileira);nov/2015;0.0;0.0;0.0;0.0;0.0;0.0;0.0;0.0;0.0;65.0;0.0;10.0;0.0;0.0;0.0;0.0;5.0;18.0;0.0;0.0;0.0;0.0;0.0;0.0;0.0;0.0;0.0;0.0;0.0;0.0;;115113
196;Recife (Codecipe / Santo Amaro);nov/2015;;;;;;;;;;;;;;;;;;;;;;;;;;;;;;;;31096
344;Recife (Lamepe/Itep);nov/2015;;;;;;;;;;;;;;;;;;;;;;;;;;;;;;;;16116
378;Recife (Santo Amaro);nov/2015;;;;;;;;;;;;;;;;;;;;;;;;;;;;;;;;19988
30;Recife (Várzea);nov/2015;0.0;0.0;0.0;26.0;0.0;0.0;0.0;0.0;0.0;202.0;0.0;0.0;0.0;0.0;20.0;0.0;20.0;38.0;0.0;0.0;0.0;0.0;0.0;0.0;0.0;0.0;0.0;0.0;0.0;0.0;;136579
480;Recife - PCD;nov/2015;;;;;;;;;;;;;;;;;;;;;;;;;;;;;;;;14188
265;Recife (Alto da Brasileira);dez/2015;0.0;0.0;0.0;0.0;0.0;0.0;0.0;0.0;0.0;28.0;0.0;0.0;0.0;0.0;0.0;14.0;0.0;64.0;26.0;0.0;0.0;0.0;55.0;34.0;98.0;14.0;6.0;15.0;94.0;4.0;0.0;115113
196;Recife (Codecipe / Santo Amaro);dez/2015;;;;;;;;;;;;;;;;;;;;;;;;;;;;;;;;31096
344;Recife (Lamepe/Itep);dez/2015;;;;;;;;;;;;;;;;;;;;;;;;;;;;;;;;16116
378;Recife (Santo Amaro);dez/2015;;;;;;;;;;;;;;;;;;;;;;;;;;;;;;;;19988
30;Recife (Várzea);dez/2015;0.0;0.0;0.0;0.0;0.0;0.0;0.0;0.0;0.0;0.0;0.0;0.0;0.0;0.0;18.0;74.0;0.0;40.0;58.0;10.0;2.0;18.0;47.0;26.0;490.0;13.0;42.0;30.0;50.0;0.0;0.0;136579
480;Recife - PCD;dez/2015;;;;;;;;;;;;;;;;;;;;;;;;;;;;;;;;14188
265;Recife (Alto da Brasileira);jan/2016;0.0;15.0;0.0;0.0;0.0;0.0;0.0;0.0;10.0;28.0;67.0;0.0;0.0;0.0;0.0;0.0;26.0;0.0;107.0;61.0;27.0;69.0;38.0;0.0;0.0;60.0;0.0;0.0;0.0;328.0;23.0;115113
196;Recife (Codecipe / Santo Amaro);jan/2016;;;;;;;;;;;;;;;;;;;;;;;;;;;;;;;;31096
344;Recife (Lamepe/Itep);jan/2016;;;;;;;;;;;;;;;;;;;;;;;;;;;;;;;;16116
378;Recife (Santo Amaro);jan/2016;;;;;;;;;;;;;;;;;;;;;;;;;;;;;;;;19988
30;Recife (Várzea);jan/2016;0.0;0.0;0.0;0.0;0.0;0.0;0.0;0.0;44.0;257.0;30.0;10.0;0.0;0.0;10.0;26.0;36.0;60.0;148.0;248.0;32.0;138.0;10.0;0.0;0.0;0.0;0.0;0.0;0.0;147.0;0.0;136579
480;Recife - PCD;jan/2016;;;;;;;;;;;;;;;;;;;;;;;;;;;;;;;;14188
265;Recife (Alto da Brasileira);fev/2016;17.0;23.0;0.0;0.0;0.0;0.0;0.0;37.0;5.0;13.0;0.0;8.0;0.0;0.0;0.0;0.0;0.0;0.0;0.0;0.0;0.0;0.0;0.0;0.0;0.0;0.0;0.0;0.0;0.0;;;115113
196;Recife (Codecipe / Santo Amaro);fev/2016;;;;;;;;;;;;;;;;;;;;;;;;;;;;;;;;31096
344;Recife (Lamepe/Itep);fev/2016;;;;;;;;;;;;;;;;;;;;;;;;;;;;;;;;16116
378;Recife (Santo Amaro);fev/2016;;;;;;;;;;;;;;;;;;;;;;;;;;;;;;;;19988
30;Recife (Várzea);fev/2016;62.0;16.0;0.0;0.0;0.0;0.0;0.0;24.0;46.0;20.0;14.0;2.0;0.0;0.0;84.0;28.0;0.0;270.0;46.0;18.0;42.0;21.0;16.0;0.0;0.0;0.0;0.0;0.0;0.0;;;136579
480;Recife - PCD;fev/2016;;;;;;;;;;;;;;;;;;;;;;;;;;;;;;;;14188
265;Recife (Alto da Brasileira);mar/2016;0.0;0.0;3.0;55.0;0.0;0.0;0.0;0.0;0.0;0.0;0.0;0.0;0.0;0.0;195.0;100.0;103.0;0.0;;;0.0;0.0;35.0;70.0;94.0;0.0;1.0;;167.0;312.0;0.0;115113
196;Recife (Codecipe / Santo Amaro);mar/2016;;;;;;;;;;;;;;;;;;;;;;;;;;;;;;;;31096
344;Recife (Lamepe/Itep);mar/2016;;;;;;;;;;;;;;;;;;;;;;;;;;;;;;;;16116
378;Recife (Santo Amaro);mar/2016;;;;;;;;;;;;;;;;;;;;;;;;;;;;;;;;19988
30;Recife (Várzea);mar/2016;0.0;0.0;84.0;458.0;0.0;2.0;4.0;0.0;0.0;0.0;0.0;0.0;0.0;0.0;198.0;80.0;520.0;0.0;40.0;0.0;0.0;130.0;114.0;0.0;132.0;22.0;0.0;7.0;0.0;652.0;0.0;136579
480;Recife - PCD;mar/2016;;;;;;;;;;;;;;;;;;;;;;;;;;;;;;;;14188
265;Recife (Alto da Brasileira);abr/2016;31.0;37.0;0.0;0.0;0.0;54.0;0.0;28.0;0.0;0.0;45.0;155.0;0.0;355.0;0.0;1152.0;1129.0;61.0;0.0;17.0;17.0;0.0;0.0;0.0;0.0;55.0;0.0;0.0;0.0;10.0;;115113
196;Recife (Codecipe / Santo Amaro);abr/2016;;;;;;;;;;;;;;;;;;;;;;;;;;;;;;;;31096
344;Recife (Lamepe/Itep);abr/2016;;;;;;;;;;;;;;;;;;;;;;;;;;;;;;;;16116
378;Recife (Santo Amaro);abr/2016;;;;;;;;;;;;;;;;;;;;;;;;;;;;;;;;19988
30;Recife (Várzea);abr/2016;130.0;10.0;0.0;38.0;0.0;85.0;6.0;0.0;8.0;0.0;352.0;65.0;24.0;110.0;0.0;1018.0;580.0;172.0;30.0;0.0;0.0;14.0;0.0;0.0;62.0;114.0;0.0;34.0;10.0;54.0;;136579
480;Recife - PCD;abr/2016;;;;;;;;;;;;;;;;;;;;;;;;;;;;;;;;14188
265;Recife (Alto da Brasileira);mai/2016;55.0;484.0;25.0;;15.0;49.0;0.0;8.0;373.0;1124.0;77.0;63.0;0.0;0.0;0.0;0.0;37.0;0.0;0.0;0.0;0.0;0.0;0.0;50.0;279.0;161.0;6.0;0.0;3.0;823.0;16.0;115113
196;Recife (Codecipe / Santo Amaro);mai/2016;;;;;;;;;;;;;;;;;;;;;;;;;;;;;;;;31096
344;Recife (Lamepe/Itep);mai/2016;;;;;;;;;;;;;;;;;;;;;;;;;;;;;;;;16116
378;Recife (Santo Amaro);mai/2016;;;;;;;;;;;;;;;;;;;;;;;;;;;;;;;;19988
30;Recife (Várzea);mai/2016;29.0;606.0;48.0;10.0;12.0;234.0;9.0;8.0;541.0;1021.0;140.0;8.0;0.0;0.0;0.0;8.0;138.0;6.0;8.0;0.0;0.0;0.0;0.0;102.0;398.0;84.0;12.0;0.0;38.0;1198.0;130.0;136579
480;Recife - PCD;mai/2016;;;;;;;;;;;;;;;;;;;;;;;;;;;;;;;;14188
265;Recife (Alto da Brasileira);jun/2016;7.0;0.0;43.0;433.0;145.0;19.0;6.0;0.0;0.0;0.0;0.0;0.0;20.0;154.0;0.0;0.0;0.0;0.0;0.0;26.0;16.0;173.0;108.0;21.0;0.0;0.0;49.0;188.0;0.0;0.0;;115113
196;Recife (Codecipe / Santo Amaro);jun/2016;;;;;;;;;;;;;;;;;;;;;;;;;;;;;;;;31096
344;Recife (Lamepe/Itep);jun/2016;;;;;;;;;;;;;;;;;;;;;;;;;;;;;;;;16116
378;Recife (Santo Amaro);jun/2016;;;;;;;;;;;;;;;;;;;;;;;;;;;;;;;;19988
30;Recife (Várzea);jun/2016;;0.0;104.0;360.0;148.0;46.0;18.0;2.0;0.0;0.0;0.0;0.0;20.0;110.0;25.0;0.0;0.0;0.0;16.0;18.0;4.0;166.0;76.0;112.0;0.0;24.0;68.0;142.0;2.0;6.0;;136579
480;Recife - PCD;jun/2016;;;;;;;;;;;;;;;;;;;;;;;;;;;;;;;;14188
265;Recife (Alto da Brasileira);jul/2016;33.0;0.0;92.0;5.0;8.0;18.0;37.0;0.0;0.0;0.0;8.0;7.0;219.0;243.0;29.0;19.0;25.0;0.0;0.0;159.0;15.0;0.0;20.0;6.0;40.0;1.0;5.0;23.0;42.0;57.0;42.0;115113
196;Recife (Codecipe / Santo Amaro);jul/2016;;;;;;;;;;;;;;;;;;;;;;;;;;;;;;;;31096
344;Recife (Lamepe/Itep);jul/2016;;;;;;;;;;;;;;;;;;;;;;;;;;;;;;;;16116
378;Recife (Santo Amaro);jul/2016;;;;;;;;;;;;;;;;;;;;;;;;;;;;;;;;19988
30;Recife (Várzea);jul/2016;44.0;4.0;41.0;54.0;34.0;26.0;82.0;0.0;0.0;6.0;0.0;40.0;250.0;96.0;19.0;14.0;22.0;0.0;0.0;179.0;4.0;0.0;0.0;32.0;3.0;0.0;21.0;20.0;26.0;58.0;36.0;136579
480;Recife - PCD;jul/2016;;;;;;;;;;;;;;;;;;;;;;;;;;;;;;;;14188
265;Recife (Alto da Brasileira);ago/2016;0.0;15.0;9.0;20.0;4.0;37.0;30.0;0.0;0.0;32.0;0.0;0.0;0.0;0.0;0.0;54.0;0.0;0.0;0.0;84.0;0.0;72.0;0.0;73.0;0.0;0.0;0.0;67.0;33.0;0.0;113.0;115113
196;Recife (Codecipe / Santo Amaro);ago/2016;;;;;;;;;;;;;;;;;;;;;;;;;;;;;;;;31096
344;Recife (Lamepe/Itep);ago/2016;;;;;;;;;;;;;;;;;;;;;;;;;;;;;;;;16116
378;Recife (Santo Amaro);ago/2016;;;;;;;;;;;;;;;;;;;;;;;;;;;;;;;;19988
30;Recife (Várzea);ago/2016;0.0;10.0;24.0;5.0;6.0;14.0;20.0;0.0;0.0;17.0;13.0;0.0;0.0;0.0;10.0;44.0;0.0;0.0;12.0;31.0;4.0;0.0;8.0;138.0;0.0;0.0;4.0;78.0;40.0;3.0;102.0;136579
480;Recife - PCD;ago/2016;;;;;;;;;;;;;;;;;;;;;;;;;;;;;;;;14188
265;Recife (Alto da Brasileira);set/2016;29.0;0.0;65.0;0.0;20.0;0.0;10.0;0.0;0.0;23.0;182.0;0.0;82.0;0.0;4.0;0.0;8.0;0.0;0.0;0.0;0.0;0.0;0.0;0.0;0.0;0.0;0.0;0.0;0.0;0.0;;115113
196;Recife (Codecipe / Santo Amaro);set/2016;;;;;;;;;;;;;;;;;;;;;;;;;;;;;;;;31096
344;Recife (Lamepe/Itep);set/2016;;;;;;;;;;;;;;;;;;;;;;;;;;;;;;;;16116
378;Recife (Santo Amaro);set/2016;;;;;;;;;;;;;;;;;;;;;;;;;;;;;;;;19988
30;Recife (Várzea);set/2016;0.0;70.0;;;68.0;18.0;4.0;0.0;0.0;90.0;216.0;0.0;0.0;0.0;0.0;0.0;0.0;0.0;0.0;0.0;0.0;0.0;0.0;0.0;0.0;0.0;0.0;0.0;0.0;0.0;;136579
480;Recife - PCD;set/2016;;;;;;;;;;;;;;;;;;;;;;;;;;;;;;;;14188
265;Recife (Alto da Brasileira);out/2016;0.0;0.0;0.0;0.0;0.0;0.0;0.0;0.0;0.0;0.0;0.0;0.0;8.0;0.0;14.0;0.0;0.0;0.0;0.0;0.0;15.0;0.0;0.0;0.0;75.0;0.0;0.0;0.0;0.0;0.0;0.0;115113
196;Recife (Codecipe / Santo Amaro);out/2016;;;;;;;;;;;;;;;;;;;;;;;;;;;;;;;;31096
344;Recife (Lamepe/Itep);out/2016;;;;;;;;;;;;;;;;;;;;;;;;;;;;;;;;16116
378;Recife (Santo Amaro);out/2016;;;;;;;;;;;;;;;;;;;;;;;;;;;;;;;;19988
30;Recife (Várzea);out/2016;0.0;0.0;2.0;2.0;0.0;0.0;0.0;0.0;0.0;0.0;0.0;32.0;32.0;2.0;28.0;0.0;0.0;0.0;9.0;0.0;0.0;0.0;8.0;0.0;0.0;0.0;8.0;0.0;0.0;10.0;4.0;136579
480;Recife - PCD;out/2016;;;;;;;;;;;;;;;;;;;;;;;;;;;;;;;;14188
265;Recife (Alto da Brasileira);nov/2016;0.0;0.0;0.0;0.0;0.0;0.0;0.0;49.0;0.0;0.0;0.0;0.0;0.0;0.0;21.0;0.0;0.0;0.0;0.0;0.0;0.0;0.0;0.0;0.0;0.0;0.0;13.0;0.0;0.0;0.0;;115113
196;Recife (Codecipe / Santo Amaro);nov/2016;;;;;;;;;;;;;;;;;;;;;;;;;;;;;;;;31096
344;Recife (Lamepe/Itep);nov/2016;;;;;;;;;;;;;;;;;;;;;;;;;;;;;;;;16116
378;Recife (Santo Amaro);nov/2016;;;;;;;;;;;;;;;;;;;;;;;;;;;;;;;;19988
30;Recife (Várzea);nov/2016;0.0;10.0;13.0;0.0;0.0;30.0;0.0;0.0;0.0;5.0;8.0;0.0;0.0;0.0;58.0;0.0;0.0;16.0;0.0;0.0;0.0;0.0;0.0;0.0;0.0;0.0;18.0;4.0;0.0;0.0;;136579
480;Recife - PCD;nov/2016;;;;;;;;;;;;;;;;;;;;;;;;;;;;;;;;14188
265;Recife (Alto da Brasileira);dez/2016;0.0;0.0;0.0;0.0;0.0;8.0;0.0;0.0;0.0;0.0;0.0;0.0;0.0;0.0;0.0;35.0;0.0;24.0;15.0;8.0;0.0;41.0;0.0;89.0;0.0;7.0;0.0;4.0;0.0;45.0;0.0;115113
196;Recife (Codecipe / Santo Amaro);dez/2016;;;;;;;;;;;;;;;;;;;;;;;;;;;;;;;;31096
344;Recife (Lamepe/Itep);dez/2016;;;;;;;;;;;;;;;;;;;;;;;;;;;;;;;;16116
378;Recife (Santo Amaro);dez/2016;;;;;;;;;;;;;;;;;;;;;;;;;;;;;;;;19988
30;Recife (Várzea);dez/2016;0.0;0.0;0.0;0.0;0.0;0.0;0.0;0.0;0.0;0.0;0.0;0.0;0.0;0.0;20.0;78.0;20.0;176.0;4.0;0.0;92.0;6.0;16.0;144.0;0.0;0.0;0.0;18.0;52.0;52.0;0.0;136579
480;Recife - PCD;dez/2016;;;;;;;;;;;;;;;;;;;;;;;;;;;;;;;;14188
265;Recife (Alto da Brasileira);jan/2017;6.0;0.0;0.0;0.0;7.0;0.0;6.0;0.0;55.0;0.0;0.0;0.0;0.0;0.0;34.0;0.0;0.0;0.0;0.0;0.0;0.0;0.0;0.0;0.0;0.0;21.0;0.0;0.0;0.0;0.0;0.0;115113
196;Recife (Codecipe / Santo Amaro);jan/2017;;;;;;;;;;;;;;;;;;;;;;;;;;;;;;;;31096
344;Recife (Lamepe/Itep);jan/2017;;;;;;;;;;;;;;;;;;;;;;;;;;;;;;;;16116
378;Recife (Santo Amaro);jan/2017;;;;;;;;;;;;;;;;;;;;;;;;;;;;;;;;19988
30;Recife (Várzea);jan/2017;8.0;0.0;0.0;0.0;2.0;0.0;38.0;2.0;25.0;20.0;0.0;17.0;0.0;10.0;26.0;0.0;0.0;0.0;0.0;10.0;0.0;6.0;12.0;0.0;0.0;0.0;80.0;0.0;0.0;15.0;16.0;136579
480;Recife - PCD;jan/2017;;;;;;;;;;;;;;;;;;;;;;;;;;;;;;;;14188
265;Recife (Alto da Brasileira);fev/2017;5.0;0.0;0.0;0.0;0.0;0.0;0.0;0.0;0.0;0.0;0.0;8.0;0.0;6.0;0.0;0.0;0.0;87.0;0.0;135.0;0.0;9.0;0.0;0.0;0.0;0.0;0.0;0.0;;;;115113
196;Recife (Codecipe / Santo Amaro);fev/2017;;;;;;;;;;;;;;;;;;;;;;;;;;;;;;;;31096
344;Recife (Lamepe/Itep);fev/2017;;;;;;;;;;;;;;;;;;;;;;;;;;;;;;;;16116
378;Recife (Santo Amaro);fev/2017;;;;;;;;;;;;;;;;;;;;;;;;;;;;;;;;19988
30;Recife (Várzea);fev/2017;2.0;4.0;0.0;0.0;0.0;0.0;0.0;0.0;0.0;0.0;14.0;2.0;0.0;0.0;2.0;0.0;0.0;52.0;6.0;6.0;46.0;36.0;6.0;23.0;0.0;10.0;0.0;0.0;;;;136579
480;Recife - PCD;fev/2017;;;;;;;;;;;;;;;;;;;;;;;;;;;;;;;;14188
265;Recife (Alto da Brasileira);mar/2017;0.0;35.0;0.0;38.0;423.0;43.0;0.0;0.0;0.0;32.0;0.0;67.0;89.0;235.0;0.0;6.0;0.0;0.0;0.0;0.0;0.0;7.0;15.0;5.0;0.0;17.0;0.0;0.0;0.0;34.0;167.0;115113
196;Recife (Codecipe / Santo Amaro);mar/2017;;;;;;;;;;;;;;;;;;;;;;;;;;;;;;;;31096
344;Recife (Lamepe/Itep);mar/2017;;;;;;;;;;;;;;;;;;;;;;;;;;;;;;;;16116
378;Recife (Santo Amaro);mar/2017;;;;;;;;;;;;;;;;;;;;;;;;;;;;;;;;19988
30;Recife (Várzea);mar/2017;124.0;110.0;0.0;376.0;124.0;14.0;0.0;10.0;82.0;76.0;12.0;266.0;66.0;6.0;0.0;0.0;8.0;0.0;40.0;0.0;0.0;0.0;4.0;22.0;0.0;0.0;0.0;0.0;0.0;6.0;46.0;136579
480;Recife - PCD;mar/2017;;;;;;;;;;;;;;;;;;;;;;;;;;;;;;;;14188
265;Recife (Alto da Brasileira);abr/2017;0.0;0.0;232.0;0.0;25.0;0.0;39.0;0.0;24.0;32.0;114.0;0.0;556.0;213.0;67.0;0.0;504.0;0.0;19.0;0.0;0.0;0.0;91.0;0.0;87.0;0.0;0.0;12.0;9.0;196.0;;115113
196;Recife (Codecipe / Santo Amaro);abr/2017;0.0;0.0;0.0;0.0;190.0;0.0;0.0;0.0;0.0;220.0;233.0;373.0;;120.0;43.0;0.0;450.0;0.0;2.0;17.0;0.0;0.0;160.0;0.0;0.0;0.0;0.0;0.0;9.0;350.0;;31096
344;Recife (Lamepe/Itep);abr/2017;;;;;;;;;;;;;;;;;;;;;;;;;;;;;;;;16116
378;Recife (Santo Amaro);abr/2017;;;;;;;;;;;;;;;;;;;;;;;;;;;;;;;;19988
30;Recife (Várzea);abr/2017;0.0;241.0;392.0;4.0;50.0;69.0;112.0;0.0;2.0;48.0;52.0;114.0;616.0;114.0;122.0;0.0;414.0;0.0;12.0;0.0;0.0;0.0;288.0;12.0;0.0;0.0;0.0;26.0;2.0;227.0;;136579
480;Recife - PCD;abr/2017;;;;;;;;;;;;;;;;;;;;;;;;;;;;;;;;14188
265;Recife (Alto da Brasileira);mai/2017;61.0;0.0;334.0;18.0;0.0;15.0;259.0;0.0;248.0;0.0;7.0;0.0;0.0;0.0;0.0;0.0;0.0;0.0;43.0;121.0;55.0;65.0;0.0;26.0;205.0;0.0;0.0;235.0;705.0;0.0;127.0;115113
196;Recife (Codecipe / Santo Amaro);mai/2017;;21.0;312.0;2.0;0.0;33.0;224.0;54.0;609.0;21.0;1.0;50.0;0.0;0.0;0.0;0.0;0.0;0.0;50.0;52.0;50.0;70.0;0.0;164.0;329.0;70.0;;;;10.0;700.0;31096
344;Recife (Lamepe/Itep);mai/2017;;;;;;;;;;;;;;;;;;;;;;;;;;;;;;;;16116
378;Recife (Santo Amaro);mai/2017;;;;;;;;;;;;;;;;;;;;;;;;;;;;;;;;19988
30;Recife (Várzea);mai/2017;44.0;6.0;600.0;14.0;2.0;84.0;197.0;81.0;171.0;58.0;20.0;0.0;0.0;0.0;0.0;0.0;0.0;0.0;6.0;160.0;54.0;156.0;0.0;46.0;291.0;10.0;0.0;496.0;729.0;22.0;730.0;136579
480;Recife - PCD;mai/2017;;;;;;;;;;;;;;;;;;;;;;;;;;;;;;;;14188
265;Recife (Alto da Brasileira);jun/2017;23.0;7.0;0.0;231.0;118.0;209.0;0.0;42.0;92.0;97.0;61.0;0.0;69.0;68.0;63.0;362.0;0.0;87.0;197.0;74.0;34.0;35.0;29.0;355.0;29.0;51.0;0.0;203.0;403.0;457.0;;115113
196;Recife (Codecipe / Santo Amaro);jun/2017;226.0;42.0;12.0;73.0;120.0;280.0;0.0;42.0;110.0;238.0;216.0;0.0;68.0;70.0;92.0;460.0;26.0;120.0;60.0;24.0;22.0;;44.0;410.0;120.0;20.0;0.0;250.0;785.0;1030.0;;31096
344;Recife (Lamepe/Itep);jun/2017;;;;;;;;;;;;;;;;;;;;;;;;;;;;;;;;16116
378;Recife (Santo Amaro);jun/2017;;;;;;;;;;;;;;;;;;;;;;;;;;;;;;;;19988
30;Recife (Várzea);jun/2017;339.0;70.0;26.0;83.0;36.0;494.0;10.0;67.0;63.0;284.0;61.0;17.0;192.0;77.0;154.0;473.0;6.0;110.0;102.0;35.0;144.0;54.0;56.0;482.0;316.0;66.0;30.0;212.0;404.0;407.0;;136579
480;Recife - PCD;jun/2017;;;;;;;;;;;;;;;;;;;;;;;;;;;;;;;;14188
265;Recife (Alto da Brasileira);jul/2017;198.0;29.0;97.0;118.0;125.0;259.0;15.0;185.0;51.0;87.0;0.0;89.0;0.0;88.0;0.0;8.0;0.0;79.0;16.0;98.0;831.0;284.0;224.0;38.0;26.0;9.0;73.0;252.0;263.0;9.0;23.0;115113
196;Recife (Codecipe / Santo Amaro);jul/2017;190.0;48.0;150.0;59.0;80.0;86.0;100.0;70.0;60.0;204.0;0.0;62.0;0.0;154.0;16.0;0.0;46.0;10.0;62.0;690.0;302.0;680.0;60.0;20.0;54.0;2.0;120.0;85.0;690.0;14.0;22.0;31096
344;Recife (Lamepe/Itep);jul/2017;;;;;;;;;;;;;;;;;;;;;;;;;;;;;;;;16116
378;Recife (Santo Amaro);jul/2017;;;;;;;;;;;;;;;;;;;;;;;;;;;;;;;;19988
30;Recife (Várzea);jul/2017;233.0;143.0;70.0;103.0;190.0;294.0;118.0;142.0;142.0;207.0;8.0;34.0;2.0;58.0;34.0;20.0;75.0;18.0;10.0;263.0;816.0;421.0;107.0;85.0;168.0;23.0;112.0;649.0;178.0;101.0;38.0;136579
480;Recife - PCD;jul/2017;;;;;;;;;;;;;;;;;;;;;;;;;;;;;;;;14188
265;Recife (Alto da Brasileira);ago/2017;138.0;0.0;17.0;0.0;0.0;0.0;12.0;0.0;6.0;0.0;7.0;0.0;0.0;55.0;0.0;0.0;0.0;142.0;87.0;0.0;38.0;13.0;118.0;13.0;0.0;82.0;186.0;56.0;11.0;21.0;0.0;115113
196;Recife (Codecipe / Santo Amaro);ago/2017;168.0;56.0;31.0;0.0;0.0;0.0;0.0;30.0;0.0;0.0;0.0;0.0;10.0;50.0;0.0;0.0;6.0;261.0;166.0;0.0;0.0;80.0;150.0;0.0;22.0;150.0;;320.0;2.0;5.0;0.0;31096
344;Recife (Lamepe/Itep);ago/2017;;;;;;;;;;;;;;;;;;;;;;;;;;;;;;;;16116
378;Recife (Santo Amaro);ago/2017;;;;;;;;;;;;;;;;;;;;;;;;;;;;;;;;19988
30;Recife (Várzea);ago/2017;78.0;153.0;72.0;0.0;0.0;0.0;56.0;4.0;14.0;0.0;0.0;0.0;14.0;23.0;0.0;0.0;0.0;98.0;217.0;18.0;0.0;30.0;88.0;12.0;2.0;112.0;100.0;0.0;0.0;0.0;0.0;136579
480;Recife - PCD;ago/2017;;;;;;;;;;;;;;;;;;;;;;;;;;;;;;;;14188
265;Recife (Alto da Brasileira);set/2017;0.0;0.0;28.0;10.0;0.0;32.0;0.0;87.0;0.0;53.0;0.0;77.0;16.0;34.0;43.0;24.0;69.0;27.0;0.0;21.0;11.0;0.0;53.0;0.0;0.0;29.0;0.0;19.0;0.0;0.0;;115113
196;Recife (Codecipe / Santo Amaro);set/2017;0.0;0.0;72.0;8.0;0.0;17.0;6.0;112.0;15.0;10.0;0.0;60.0;14.0;41.0;20.0;0.0;34.0;2.0;8.0;;0.0;0.0;20.0;8.0;100.0;11.0;25.0;0.0;0.0;0.0;;31096
344;Recife (Lamepe/Itep);set/2017;;;;;;;;;;;;;;;;;;;;;;;;;;;;;;;;16116
378;Recife (Santo Amaro);set/2017;;;;;;;;;;;;;;;;;;;;;;;;;;;;;;;;19988
30;Recife (Várzea);set/2017;0.0;4.0;70.0;20.0;0.0;32.0;14.0;56.0;58.0;31.0;6.0;60.0;70.0;27.0;20.0;58.0;36.0;46.0;12.0;103.0;34.0;0.0;0.0;18.0;4.0;10.0;7.0;18.0;24.0;0.0;;136579
480;Recife - PCD;set/2017;;;;;;;;;;;;;;;;;;;;;;;;;;;;;;;;14188
265;Recife (Alto da Brasileira);out/2017;0.0;0.0;0.0;0.0;16.0;32.0;0.0;0.0;67.0;0.0;24.0;0.0;0.0;0.0;0.0;0.0;0.0;19.0;0.0;32.0;0.0;84.0;0.0;132.0;0.0;38.0;0.0;0.0;0.0;0.0;99.0;115113
196;Recife (Codecipe / Santo Amaro);out/2017;0.0;0.0;0.0;0.0;0.0;0.0;0.0;0.0;0.0;10.0;12.0;2.0;0.0;0.0;0.0;0.0;0.0;2.0;0.0;0.0;51.0;0.0;10.0;86.0;10.0;0.0;0.0;0.0;0.0;0.0;0.0;31096
344;Recife (Lamepe/Itep);out/2017;;;;;;;;;;;;;;;;;;;;;;;;;;;;;;;;16116
378;Recife (Santo Amaro);out/2017;;;;;;;;;;;;;;;;;;;;;;;;;;;;;;;;19988
30;Recife (Várzea);out/2017;2.0;0.0;0.0;6.0;50.0;16.0;6.0;16.0;80.0;12.0;16.0;6.0;0.0;2.0;0.0;0.0;70.0;32.0;14.0;80.0;20.0;16.0;23.0;90.0;10.0;27.0;6.0;0.0;0.0;0.0;0.0;136579
480;Recife - PCD;out/2017;;;;;;;;;;;;;;;;;;;;;;;;;;;;;;;;14188
265;Recife (Alto da Brasileira);nov/2017;0.0;0.0;0.0;0.0;0.0;0.0;0.0;0.0;0.0;0.0;57.0;4.0;0.0;0.0;0.0;0.0;21.0;16.0;4.0;0.0;0.0;0.0;0.0;0.0;0.0;0.0;0.0;0.0;0.0;0.0;;115113
196;Recife (Codecipe / Santo Amaro);nov/2017;0.0;0.0;0.0;0.0;0.0;0.0;0.0;0.0;0.0;50.0;0.0;0.0;0.0;0.0;0.0;0.0;2.0;6.0;0.0;0.0;0.0;0.0;0.0;0.0;0.0;0.0;0.0;0.0;0.0;0.0;;31096
344;Recife (Lamepe/Itep);nov/2017;;;;;;;;;;;;;;;;;;;;;;;;;;;;;;;;16116
378;Recife (Santo Amaro);nov/2017;;;;;;;;;;;;;;;;;;;;;;;;;;;;;;;;19988
30;Recife (Várzea);nov/2017;0.0;0.0;0.0;0.0;0.0;0.0;0.0;10.0;2.0;0.0;12.0;0.0;0.0;0.0;24.0;16.0;34.0;8.0;0.0;0.0;0.0;0.0;0.0;0.0;40.0;0.0;0.0;0.0;0.0;2.0;;136579
480;Recife - PCD;nov/2017;;;;;;;;;;;;;;;;;;;;;;;;;;;;;;;;14188
265;Recife (Alto da Brasileira);dez/2017;0.0;0.0;0.0;12.0;0.0;0.0;0.0;0.0;0.0;0.0;0.0;0.0;0.0;0.0;0.0;0.0;71.0;0.0;5.0;43.0;21.0;0.0;79.0;75.0;3.0;9.0;0.0;0.0;0.0;0.0;0.0;115113
196;Recife (Codecipe / Santo Amaro);dez/2017;0.0;0.0;0.0;0.0;0.0;0.0;0.0;0.0;0.0;0.0;0.0;0.0;0.0;0.0;0.0;0.0;0.0;0.0;3.0;142.0;2.0;0.0;17.0;32.0;0.0;0.0;0.0;0.0;0.0;0.0;0.0;31096
344;Recife (Lamepe/Itep);dez/2017;;;;;;;;;;;;;;;;;;;;;;;;;;;;;;;;16116
378;Recife (Santo Amaro);dez/2017;;;;;;;;;;;;;;;;;;;;;;;;;;;;;;;;19988
30;Recife (Várzea);dez/2017;11.0;8.0;0.0;0.0;0.0;0.0;0.0;0.0;0.0;0.0;0.0;0.0;0.0;0.0;0.0;0.0;0.0;6.0;0.0;108.0;6.0;3.0;34.0;82.0;0.0;40.0;3.0;0.0;0.0;0.0;0.0;136579
480;Recife - PCD;dez/2017;;;;;;;;;;;;;;;;;;;;;;;;;;;;;;;;14188
265;Recife (Alto da Brasileira);jan/2018;0.0;0.0;0.0;0.0;0.0;0.0;0.0;0.0;0.0;79.0;53.0;0.0;0.0;71.0;0.0;7.0;0.0;54.0;45.0;562.0;33.0;7.0;12.0;126.0;0.0;5.0;45.0;0.0;30.0;0.0;0.0;115113
196;Recife (Codecipe / Santo Amaro);jan/2018;0.0;0.0;0.0;0.0;0.0;0.0;0.0;0.0;0.0;70.0;76.0;0.0;0.0;0.0;0.0;0.0;10.0;6.0;103.0;370.0;2.0;2.0;40.0;10.0;0.0;91.0;0.0;0.0;0.0;0.0;0.0;31096
344;Recife (Lamepe/Itep);jan/2018;;;;;;;;;;;;;;;;;;;;;;;;;;;;;;;;16116
378;Recife (Santo Amaro);jan/2018;;;;;;;;;;;;;;;;;;;;;;;;;;;;;;;;19988
30;Recife (Várzea);jan/2018;0.0;0.0;0.0;0.0;0.0;10.0;0.0;96.0;0.0;234.0;36.0;2.0;2.0;32.0;26.0;12.0;0.0;134.0;304.0;466.0;30.0;8.0;38.0;62.0;24.0;0.0;6.0;0.0;12.0;2.0;0.0;136579
480;Recife - PCD;jan/2018;;;;;;;;;;;;;;;;;;;;;;;;;;;;;;;;14188
265;Recife (Alto da Brasileira);fev/2018;0.0;0.0;0.0;0.0;0.0;0.0;0.0;0.0;99.0;0.0;0.0;0.0;0.0;100.0;171.0;33.0;7.0;115.0;397.0;0.0;339.0;0.0;0.0;0.0;0.0;0.0;0.0;0.0;;;;115113
196;Recife (Codecipe / Santo Amaro);fev/2018;0.0;0.0;0.0;0.0;0.0;0.0;0.0;0.0;278.0;0.0;204.0;0.0;62.0;122.0;0.0;0.0;13.0;207.0;110.0;186.0;106.0;0.0;0.0;0.0;0.0;38.0;38.0;0.0;;;;31096
344;Recife (Lamepe/Itep);fev/2018;;;;;;;;;;;;;;;;;;;;;;;;;;;;;;;;16116
378;Recife (Santo Amaro);fev/2018;;;;;;;;;;;;;;;;;;;;;;;;;;;;;;;;19988
30;Recife (Várzea);fev/2018;0.0;0.0;0.0;0.0;0.0;0.0;0.0;0.0;206.0;54.0;4.0;6.0;21.0;130.0;134.0;12.0;40.0;86.0;116.0;68.0;292.0;0.0;10.0;3.0;14.0;0.0;0.0;2.0;;;;136579
480;Recife - PCD;fev/2018;;;;;;;;;;;;;;;;;;;;;;;;;;;;;;;;14188
265;Recife (Alto da Brasileira);mar/2018;7.0;0.0;0.0;0.0;19.0;293.0;37.0;0.0;0.0;0.0;0.0;0.0;0.0;0.0;38.0;5.0;0.0;0.0;0.0;0.0;0.0;0.0;14.0;0.0;85.0;8.0;34.0;83.0;410.0;418.0;96.0;115113
196;Recife (Codecipe / Santo Amaro);mar/2018;84.0;16.0;0.0;6.0;10.0;540.0;110.0;0.0;0.0;0.0;0.0;0.0;0.0;0.0;0.0;0.0;0.0;0.0;0.0;0.0;0.0;0.0;0.0;10.0;164.0;46.0;14.0;18.0;196.0;370.0;135.0;31096
344;Recife (Lamepe/Itep);mar/2018;;;;;;;;;;;;;;;;;;;;;;;;;;;;;;;;16116
378;Recife (Santo Amaro);mar/2018;;;;;;;;;;;;;;;;;;;;;;;;;;;;;;;;19988
30;Recife (Várzea);mar/2018;10.0;0.0;6.0;0.0;20.0;138.0;2.0;0.0;0.0;0.0;0.0;0.0;0.0;0.0;82.0;73.0;0.0;0.0;0.0;14.0;0.0;0.0;26.0;20.0;232.0;83.0;0.0;78.0;142.0;240.0;40.0;136579
480;Recife - PCD;mar/2018;;;;;;;;;;;;;;;;;;;;;;;;;;;;;;;;14188
265;Recife (Alto da Brasileira);abr/2018;67.0;419.0;0.0;0.0;8.0;46.0;315.0;829.0;0.0;7.0;278.0;223.0;235.0;50.0;36.0;111.0;37.0;32.0;38.0;179.0;75.0;381.0;590.0;101.0;291.0;32.0;0.0;5.0;13.0;439.0;;115113
196;Recife (Codecipe / Santo Amaro);abr/2018;68.0;137.0;0.0;0.0;98.0;0.0;822.0;139.0;98.0;0.0;550.0;380.0;240.0;6.0;280.0;150.0;38.0;6.0;82.0;280.0;210.0;304.0;574.0;360.0;185.0;0.0;6.0;120.0;11.0;340.0;;31096
344;Recife (Lamepe/Itep);abr/2018;;;;;;;;;;;;;;;;;;;;;;;;;;;;;;;;16116
378;Recife (Santo Amaro);abr/2018;;;;;;;;;;;;;;;;;;;;;;;;;;;;;;;;19988
30;Recife (Várzea);abr/2018;32.0;240.0;36.0;0.0;10.0;56.0;713.0;180.0;0.0;10.0;410.0;12.0;269.0;114.0;124.0;144.0;42.0;74.0;76.0;213.0;86.0;486.0;601.0;110.0;248.0;20.0;0.0;10.0;10.0;338.0;;136579
480;Recife - PCD;abr/2018;;;;;;;;;;;;;;;;;;;;;;;;;;;;;;;;14188
265;Recife (Alto da Brasileira);mai/2018;74.0;33.0;74.0;95.0;37.0;255.0;0.0;0.0;13.0;7.0;0.0;98.0;13.0;11.0;121.0;25.0;145.0;28.0;17.0;0.0;0.0;0.0;0.0;41.0;13.0;91.0;15.0;0.0;8.0;12.0;98.0;115113
196;Recife (Codecipe / Santo Amaro);mai/2018;0.0;0.0;0.0;156.0;92.0;150.0;10.0;0.0;16.0;12.0;20.0;5.0;0.0;0.0;110.0;8.0;212.0;0.0;60.0;0.0;0.0;1.0;0.0;85.0;18.0;0.0;0.0;4.0;4.0;0.0;100.0;31096
344;Recife (Lamepe/Itep);mai/2018;;;;;;;;;;;;;;;;;;;;;;;;;;;;;;;;16116
378;Recife (Santo Amaro);mai/2018;;;;;;;;;;;;;;;;;;;;;;;;;;;;;;;;19988
30;Recife (Várzea);mai/2018;6.0;10.0;122.0;74.0;158.0;380.0;2.0;0.0;0.0;12.0;116.0;248.0;16.0;4.0;106.0;56.0;214.0;29.0;5.0;0.0;2.0;2.0;20.0;;151.0;0.0;10.0;32.0;16.0;3.0;37.0;136579
480;Recife - PCD;mai/2018;;;;;;;;;;;;;;;;;;;;;;;;;;;;;;;;14188
265;Recife (Alto da Brasileira);jun/2018;0.0;0.0;0.0;5.0;5.0;0.0;117.0;91.0;14.0;0.0;14.0;0.0;0.0;31.0;37.0;32.0;5.0;148.0;14.0;249.0;0.0;0.0;0.0;12.0;122.0;3.0;113.0;103.0;30.0;2.0;;115113
196;Recife (Codecipe / Santo Amaro);jun/2018;0.0;10.0;39.0;0.0;21.0;12.0;134.0;49.0;0.0;0.0;0.0;0.0;0.0;14.0;59.0;0.0;18.0;198.0;59.0;250.0;0.0;16.0;0.0;0.0;78.0;28.0;52.0;40.0;25.0;20.0;;31096
344;Recife (Lamepe/Itep);jun/2018;;;;;;;;;;;;;;;;;;;;;;;;;;;;;;;;16116
378;Recife (Santo Amaro);jun/2018;;;;;;;;;;;;;;;;;;;;;;;;;;;;;;;;19988
30;Recife (Várzea);jun/2018;2.0;4.0;95.0;26.0;18.0;4.0;222.0;40.0;0.0;0.0;12.0;0.0;0.0;40.0;19.0;44.0;0.0;238.0;6.0;186.0;4.0;6.0;0.0;;26.0;8.0;118.0;84.0;132.0;2.0;;136579
480;Recife - PCD;jun/2018;;;;;;;;;;;;;;;;;;;;;;;;;;;;;;;;14188
265;Recife (Alto da Brasileira);jul/2018;0.0;74.0;69.0;0.0;0.0;16.0;61.0;0.0;6.0;0.0;28.0;92.0;24.0;0.0;0.0;0.0;0.0;90.0;93.0;79.0;80.0;0.0;4.0;10.0;0.0;11.0;27.0;135.0;32.0;0.0;42.0;115113
196;Recife (Codecipe / Santo Amaro);jul/2018;0.0;0.0;54.0;6.0;6.0;0.0;120.0;0.0;0.0;0.0;0.0;28.0;28.0;0.0;0.0;0.0;0.0;100.0;0.0;122.0;10.0;0.0;0.0;0.0;32.0;0.0;68.0;34.0;0.0;0.0;108.0;31096
344;Recife (Lamepe/Itep);jul/2018;;;;;;;;;;;;;;;;;;;;;;;;;;;;;;;;16116
378;Recife (Santo Amaro);jul/2018;;;;;;;;;;;;;;;;;;;;;;;;;;;;;;;;19988
30;Recife (Várzea);jul/2018;0.0;89.0;58.0;4.0;0.0;112.0;43.0;0.0;6.0;0.0;18.0;26.0;0.0;6.0;0.0;0.0;32.0;150.0;0.0;80.0;2.0;0.0;4.0;26.0;18.0;36.0;40.0;119.0;0.0;3.0;70.0;136579
480;Recife - PCD;jul/2018;;;;;;;;;;;;;;;;;;;;;;;;;;;;;;;;14188
265;Recife (Alto da Brasileira);ago/2018;119.0;23.0;7.0;0.0;0.0;0.0;26.0;6.0;9.0;53.0;0.0;0.0;0.0;3.0;0.0;0.0;0.0;0.0;0.0;0.0;26.0;46.0;0.0;0.0;75.0;30.0;0.0;89.0;51.0;37.0;20.0;115113
196;Recife (Codecipe / Santo Amaro);ago/2018;0.0;0.0;0.0;0.0;0.0;0.0;40.0;0.0;18.0;21.0;0.0;16.0;40.0;0.0;0.0;0.0;0.0;0.0;0.0;0.0;22.0;3.0;0.0;22.0;108.0;0.0;0.0;184.0;24.0;100.0;96.0;31096
344;Recife (Lamepe/Itep);ago/2018;;;;;;;;;;;;;;;;;;;;;;;;;;;;;;;;16116
378;Recife (Santo Amaro);ago/2018;;;;;;;;;;;;;;;;;;;;;;;;;;;;;;;;19988
30;Recife (Várzea);ago/2018;70.0;24.0;0.0;0.0;0.0;0.0;106.0;18.0;32.0;46.0;0.0;8.0;6.0;2.0;0.0;52.0;0.0;0.0;0.0;8.0;68.0;8.0;8.0;0.0;150.0;50.0;6.0;94.0;194.0;58.0;47.0;136579
480;Recife - PCD;ago/2018;;;;;;;;;;;;;;;;;;;;;;;;;;;;;;;;14188
265;Recife (Alto da Brasileira);set/2018;0.0;99.0;22.0;0.0;0.0;0.0;6.0;0.0;6.0;0.0;41.0;0.0;0.0;0.0;0.0;13.0;0.0;0.0;21.0;3.0;90.0;0.0;0.0;31.0;0.0;0.0;0.0;9.0;40.0;0.0;;115113
196;Recife (Codecipe / Santo Amaro);set/2018;6.0;198.0;1.0;0.0;0.0;0.0;0.0;0.0;0.0;0.0;0.0;0.0;0.0;0.0;0.0;0.0;0.0;0.0;0.0;0.0;82.0;0.0;0.0;0.0;0.0;0.0;0.0;0.0;0.0;73.0;;31096
344;Recife (Lamepe/Itep);set/2018;;;;;;;;;;;;;;;;;;;;;;;;;;;;;;;;16116
378;Recife (Santo Amaro);set/2018;;;;;;;;;;;;;;;;;;;;;;;;;;;;;;;;19988
30;Recife (Várzea);set/2018;0.0;189.0;0.0;0.0;0.0;0.0;0.0;0.0;42.0;0.0;0.0;4.0;0.0;0.0;4.0;60.0;14.0;8.0;30.0;10.0;26.0;0.0;0.0;8.0;2.0;0.0;0.0;70.0;36.0;0.0;;136579
480;Recife - PCD;set/2018;;;;;;;;;;;;;;;;;;;;;;;;;;;;;;;;14188
265;Recife (Alto da Brasileira);out/2018;0.0;0.0;0.0;0.0;0.0;8.0;0.0;0.0;0.0;0.0;0.0;0.0;0.0;0.0;0.0;22.0;0.0;0.0;0.0;0.0;0.0;0.0;0.0;0.0;0.0;0.0;0.0;0.0;0.0;0.0;21.0;115113
196;Recife (Codecipe / Santo Amaro);out/2018;0.0;0.0;0.0;18.0;0.0;0.0;0.0;22.0;0.0;0.0;0.0;0.0;0.0;0.0;0.0;4.0;10.0;0.0;0.0;0.0;0.0;0.0;0.0;0.0;0.0;0.0;0.0;0.0;0.0;0.0;52.0;31096
344;Recife (Lamepe/Itep);out/2018;;;;;;;;;;;;;;;;;;;;;;;;;;;;;;;;16116
378;Recife (Santo Amaro);out/2018;;;;;;;;;;;;;;;;;;;;;;;;;;;;;;;;19988
30;Recife (Várzea);out/2018;0.0;0.0;0.0;10.0;0.0;0.0;20.0;61.0;0.0;0.0;0.0;0.0;0.0;0.0;0.0;8.0;4.0;0.0;0.0;0.0;0.0;0.0;0.0;0.0;0.0;0.0;0.0;0.0;0.0;0.0;108.0;136579
480;Recife - PCD;out/2018;;;;;;;;;;;;;;;;;;;;;;;;;;;;;;;;14188
265;Recife (Alto da Brasileira);nov/2018;0.0;0.0;0.0;0.0;0.0;0.0;;131.0;27.0;0.0;0.0;0.0;0.0;0.0;0.0;0.0;0.0;;;0.0;;;0.0;;;;;;;;;115113
196;Recife (Codecipe / Santo Amaro);nov/2018;4.0;0.0;0.0;0.0;0.0;0.0;0.0;174.0;16.0;0.0;0.0;0.0;0.0;0.0;0.0;0.0;0.0;0.0;0.0;0.0;40.0;0.0;0.0;;;;;;;;;31096
344;Recife (Lamepe/Itep);nov/2018;;;;;;;;;;;;;;;;;;;;;;;;;;;;;;;;16116
378;Recife (Santo Amaro);nov/2018;;;;;;;;;;;;;;;;;;;;;;;;;;;;;;;;19988
30;Recife (Várzea);nov/2018;0.0;0.0;0.0;0.0;0.0;0.0;0.0;92.0;;0.0;0.0;0.0;0.0;;0.0;0.0;0.0;0.0;0.0;14.0;;4.0;0.0;;;;;;;;;136579
480;Recife - PCD;nov/2018;;;;;;;;;;;;;;;;;;;;;;;;;;;;;;;;14188
